dataset,mechanism,pattern,missing_rate,method,n_reps,rmse_mean,rmse_median,rmse_std,rmse_ci_low,rmse_ci_high,mae_mean,mae_median,mae_std,mae_ci_low,mae_ci_high,wall_time_sec_mean,wall_time_sec_median,wall_time_sec_std,wall_time_sec_ci_low,wall_time_sec_ci_high,vbpca_mean_variance_mean,rmse_ci,mae_ci,time_ci
diabetes,MAR,block,0.1,mean_pca,20,0.8692663984473052,0.8824944571961619,0.0715284071893855,0.773598126916839,0.9677589210582443,0.6857562374363491,0.6778687210946215,0.0702409763222744,0.5917380782533554,0.8016065920414716,0.0014040955502423,0.00134229500145,0.0002457325228764,0.0012195070000415,0.0021011232247473,,"[0.7736, 0.9678]","[0.5917, 0.8016]","[0.0012, 0.0021]"
diabetes,MAR,block,0.1,mice_pca,20,0.7075848558703687,0.699805844711956,0.1241571496751196,0.5229961933854178,0.9230113738880874,0.5086839115932005,0.4686556105783818,0.1283126711337835,0.3686959815121993,0.7448193338315179,0.0131359648003125,0.0084696045014424,0.0130184005010877,0.0064123842262233,0.0481238874254813,,"[0.5230, 0.9230]","[0.3687, 0.7448]","[0.0064, 0.0481]"
diabetes,MAR,block,0.1,vbpca_vb_modern,20,0.7864217424067016,0.7475280745337093,0.0966733228806267,0.6602190051655398,0.9511639458579432,0.59699442634587,0.5661030900150137,0.0933970788564313,0.478222361920083,0.7592129891976049,21.585369939899827,23.91151021050064,3.358882659891734,16.54959649869925,24.28003082317545,0.1399972829915591,"[0.6602, 0.9512]","[0.4782, 0.7592]","[16.5496, 24.2800]"
diabetes,MAR,block,0.3,mean_pca,20,0.0716406747132279,0.0680803214024894,0.0140326747236965,0.0508408699535612,0.0965048386389715,0.0580625594872642,0.0554895192981247,0.0133917959472331,0.0401329134812144,0.0819538668937755,0.0013433626998448,0.0013457589993777,6.726940464936229e-05,0.0012514283743257,0.0014874443755615,,"[0.0508, 0.0965]","[0.0401, 0.0820]","[0.0013, 0.0015]"
diabetes,MAR,block,0.3,mice_pca,20,0.0716406747132279,0.0680803214024894,0.0140326747236965,0.0508408699535612,0.0965048386389715,0.0580625594872642,0.0554895192981247,0.0133917959472331,0.0401329134812144,0.0819538668937755,0.0037866687502173,0.0038188394992175,0.0001258333377406,0.0035406359990701,0.0039726075252473,,"[0.0508, 0.0965]","[0.0401, 0.0820]","[0.0035, 0.0040]"
diabetes,MAR,block,0.3,vbpca_vb_modern,20,0.0716406747132279,0.0680803214024894,0.0140326747236965,0.0508408699535612,0.0965048386389715,0.0580625594872641,0.0554895192981247,0.0133917959472331,0.0401329134812144,0.0819538668937755,19.41227407855022,21.73626723649977,3.099965017886805,14.846475459925022,22.071512733475,25.7448404608231,"[0.0508, 0.0965]","[0.0401, 0.0820]","[14.8465, 22.0715]"
diabetes,MAR,block,0.5,mean_pca,20,0.0623032525118389,0.0605971194269586,0.0106042619231718,0.0492897400776278,0.0845416068478068,0.0496870180324118,0.047895784594366,0.0094468163573417,0.0396430979598956,0.0705945708946405,0.0013234621001174,0.0013223420010035,4.938786085897315e-05,0.0012304122758904,0.0014005466488014,,"[0.0493, 0.0845]","[0.0396, 0.0706]","[0.0012, 0.0014]"
diabetes,MAR,block,0.5,mice_pca,20,0.0623032525118389,0.0605971194269586,0.0106042619231718,0.0492897400776278,0.0845416068478068,0.0496870180324118,0.047895784594366,0.0094468163573417,0.0396430979598956,0.0705945708946405,0.0037588079498163,0.0037797305012645,0.0001144635720873,0.0035218838502259,0.0039340690754215,,"[0.0493, 0.0845]","[0.0396, 0.0706]","[0.0035, 0.0039]"
diabetes,MAR,block,0.5,vbpca_vb_modern,20,0.0623032525118389,0.0605971194269586,0.0106042619231719,0.0492897400776278,0.0845416068478068,0.0496870180324118,0.047895784594366,0.0094468163573417,0.0396430979598956,0.0705945708946405,18.813113229999907,19.277175288500075,3.2492392662671734,14.908412883423535,22.265261240399838,26.055157648167835,"[0.0493, 0.0845]","[0.0396, 0.0706]","[14.9084, 22.2653]"
diabetes,MAR,random,0.1,mean_pca,20,0.8053384153979166,0.8087694120737097,0.0312351686399425,0.7532322459965928,0.8569819422972282,0.6329223659053067,0.6351746685136133,0.026819938383602,0.5899356669242404,0.6733539259035971,0.0014126750500508,0.0013338370008568,0.0002770250530804,0.0012027134751405,0.0020764321002388,,"[0.7532, 0.8570]","[0.5899, 0.6734]","[0.0012, 0.0021]"
diabetes,MAR,random,0.1,mice_pca,20,0.7163948054269551,0.7169805190245324,0.0292927375956699,0.6648240209702265,0.7702312423231111,0.5183545944261393,0.5225267146804647,0.0252563457608625,0.4740820712428555,0.559990753987963,0.3699939644995538,0.3444776160013134,0.0901949889786798,0.2679947010245087,0.5171519638720383,,"[0.6648, 0.7702]","[0.4741, 0.5600]","[0.2680, 0.5172]"
diabetes,MAR,random,0.1,vbpca_vb_modern,20,0.7532607307678791,0.7500332960339323,0.0290144375194669,0.7075072084563243,0.8110575989560184,0.5754369529410241,0.5735374532354254,0.026158576642414,0.5320361285355909,0.6246994928104737,21.27887462860017,23.969861487501475,3.4879412760659023,16.430877780149878,24.35111686109949,0.1425747348260759,"[0.7075, 0.8111]","[0.5320, 0.6247]","[16.4309, 24.3511]"
diabetes,MAR,random,0.3,mean_pca,20,0.895723753023665,0.892494009937304,0.0255036463666081,0.8557393744893367,0.9399496449932891,0.7079637560121654,0.7048273798673248,0.0191470623594564,0.6810634342850614,0.750270425837474,0.0013858654998329,0.0013976110003568,6.289375132987692e-05,0.0012639929738724,0.0014796593246501,,"[0.8557, 0.9399]","[0.6811, 0.7503]","[0.0013, 0.0015]"
diabetes,MAR,random,0.3,mice_pca,20,0.8370156951896208,0.8269495468006014,0.0320874467221587,0.7883350745153721,0.8845598981213881,0.6183232496153743,0.615997838179499,0.0219746062204583,0.5828329534517707,0.6517131871643607,0.477146483749857,0.5018458034992364,0.0809752042618785,0.3048947060732644,0.5620410497000193,,"[0.7883, 0.8846]","[0.5828, 0.6517]","[0.3049, 0.5620]"
diabetes,MAR,random,0.3,vbpca_vb_modern,20,0.8268900658683132,0.8282184121638627,0.0211954377650038,0.7921687426381125,0.8588817647221912,0.6394173020546758,0.6380672665800117,0.0170806289776102,0.6102467524611102,0.6661099906031674,17.726837734050243,19.838252247000128,2.850369536229235,13.530154020925238,20.156669103949294,0.1911323421529646,"[0.7922, 0.8589]","[0.6102, 0.6661]","[13.5302, 20.1567]"
diabetes,MAR,random,0.5,mean_pca,20,0.971383888643864,0.9737524076173224,0.0321359762255199,0.9244802255698812,1.032944891029688,0.7710149244875908,0.7735658642991523,0.0222547642550559,0.7382183395730753,0.8171515664661331,0.0014153046497085,0.0014149685011943,9.390225380948054e-05,0.0013045003970545,0.0016228429750299,,"[0.9245, 1.0329]","[0.7382, 0.8172]","[0.0013, 0.0016]"
diabetes,MAR,random,0.5,mice_pca,20,0.9514054515836436,0.9469907547030376,0.0357250065380588,0.899720953259672,1.023755295367728,0.7214456256160053,0.7198307189484212,0.0242356016025378,0.6807001470182813,0.7733956124506915,0.4026510576999499,0.4560689435002132,0.1148140630119352,0.1963390357236675,0.5278580626736584,,"[0.8997, 1.0238]","[0.6807, 0.7734]","[0.1963, 0.5279]"
diabetes,MAR,random,0.5,vbpca_vb_modern,20,0.9000922225528353,0.8985981727290795,0.026185888891276,0.8655435738494281,0.9523539571011134,0.7004808451706329,0.7001824963514299,0.0189131645002257,0.6733627719901125,0.7395480403235768,13.064924689050349,12.363821157499842,2.1898155053923096,10.61027950487478,15.889174403851756,0.2714161853241181,"[0.8655, 0.9524]","[0.6734, 0.7395]","[10.6103, 15.8892]"
diabetes,MCAR,block,0.1,mean_pca,20,0.7891344184743053,0.785449283589683,0.0908646823382548,0.6077944881380969,0.9241552113417096,0.6338862760419994,0.6177729770866914,0.0906603287529179,0.476723658230677,0.7918090690377032,0.0013666980499692,0.0013345839997782,0.0001952272382266,0.0012287496747375,0.0018017006259469,,"[0.6078, 0.9242]","[0.4767, 0.7918]","[0.0012, 0.0018]"
diabetes,MCAR,block,0.1,mice_pca,20,0.6397690627122337,0.6408148260801936,0.1746177616653818,0.3355100078891368,0.940124402987804,0.4652417140123291,0.4175888656299948,0.1522283504478097,0.2385328703314702,0.7534547108608114,0.0135152886496143,0.0115799539998988,0.0063256809727458,0.0065067652009019,0.0251020369745673,,"[0.3355, 0.9401]","[0.2385, 0.7535]","[0.0065, 0.0251]"
diabetes,MCAR,block,0.1,vbpca_vb_modern,20,0.7183963606727399,0.7022387095189135,0.1310066036178075,0.4984441410654003,0.9349161212726712,0.5495027871077314,0.5257645351997899,0.1128177107415791,0.376234904039919,0.7566359558138498,20.6781816150502,21.237354452499854,3.5409831991336898,16.520401195901286,24.30847269305014,0.1403901035075327,"[0.4984, 0.9349]","[0.3762, 0.7566]","[16.5204, 24.3085]"
diabetes,MCAR,block,0.3,mean_pca,20,0.0607301929315462,0.0606989883247123,0.0077804287001392,0.0502994425575569,0.0758328463385279,0.0489094598153896,0.0475356947072505,0.0068930103835324,0.0398365250006104,0.0632512663032552,0.0013599741507277,0.0013710580005863,0.0001309336908712,0.0012258011273842,0.0016377331744479,,"[0.0503, 0.0758]","[0.0398, 0.0633]","[0.0012, 0.0016]"
diabetes,MCAR,block,0.3,mice_pca,20,0.0607301929315462,0.0606989883247123,0.0077804287001392,0.0502994425575569,0.0758328463385279,0.0489094598153896,0.0475356947072505,0.0068930103835324,0.0398365250006104,0.0632512663032552,0.0037686845502321,0.0038185965004231,0.0001688274173178,0.0034787113524543,0.0040284035254444,,"[0.0503, 0.0758]","[0.0398, 0.0633]","[0.0035, 0.0040]"
diabetes,MCAR,block,0.3,vbpca_vb_modern,20,0.0607301929315464,0.0606989883247123,0.0077804287001391,0.050299442557557,0.0758328463385279,0.0489094598153899,0.0475356947072506,0.0068930103835323,0.0398365250006104,0.0632512663032552,18.922115932249834,19.43582253850218,3.272584205477801,15.0677208556991,22.3949404773738,26.71652767065988,"[0.0503, 0.0758]","[0.0398, 0.0633]","[15.0677, 22.3949]"
diabetes,MCAR,block,0.5,mean_pca,20,0.0677405135092249,0.0630414634583537,0.0156809347102171,0.0512840258445892,0.1030628958103752,0.0539731737593467,0.0504125060444028,0.0139889968769628,0.0402497197835824,0.0848142851434073,0.0013553195001804,0.0013411170002654,9.045450349987756e-05,0.0012472923520362,0.0015507141743,,"[0.0513, 0.1031]","[0.0402, 0.0848]","[0.0012, 0.0016]"
diabetes,MCAR,block,0.5,mice_pca,20,0.0677405135092249,0.0630414634583537,0.0156809347102171,0.0512840258445892,0.1030628958103752,0.0539731737593467,0.0504125060444028,0.0139889968769628,0.0402497197835824,0.0848142851434073,0.0037719488500442,0.0037999529977241,0.0001434504201946,0.0035148384748935,0.0039788436249181,,"[0.0513, 0.1031]","[0.0402, 0.0848]","[0.0035, 0.0040]"
diabetes,MCAR,block,0.5,vbpca_vb_modern,20,0.0676545281558912,0.0630414634583537,0.0156613848722844,0.0512840258445892,0.1030628958103752,0.0538728908512941,0.0504125060444027,0.0139519418547212,0.0402497197835823,0.0848142851434073,18.796380305500133,19.36786299999949,3.33631716945387,14.936164501125225,22.222258480874824,25.85002297365677,"[0.0513, 0.1031]","[0.0402, 0.0848]","[14.9362, 22.2223]"
diabetes,MCAR,random,0.1,mean_pca,20,0.8149485485345955,0.8125965581744714,0.0372228163506469,0.7542905686169034,0.8962588863531986,0.6451101085771451,0.6435604133131065,0.0284509766189128,0.5950353117378334,0.7040698231272202,0.0014065278000998,0.001351622500806,0.0002216999411021,0.0012435580739292,0.0020412343512361,,"[0.7543, 0.8963]","[0.5950, 0.7041]","[0.0012, 0.0020]"
diabetes,MCAR,random,0.1,mice_pca,20,0.7184803209022074,0.7182090262819334,0.0307580875364868,0.6529285388790061,0.7645134362535477,0.5197228711126672,0.5228476054247237,0.0218619354851911,0.4708822429997443,0.5473736333886982,0.3214921229000538,0.3282377925006585,0.0681095949536028,0.182674878675607,0.4159361900499788,,"[0.6529, 0.7645]","[0.4709, 0.5474]","[0.1827, 0.4159]"
diabetes,MCAR,random,0.1,vbpca_vb_modern,20,0.7538621445829714,0.7582515114918562,0.0347561586060306,0.6887072720120584,0.8167149138316363,0.5788609865541152,0.5802874624618186,0.0258483455402671,0.5299232555100613,0.6212751632182566,21.391349666850147,24.00374704549904,3.3900686072163224,16.556706285574545,24.21324189545021,0.1424313034996157,"[0.6887, 0.8167]","[0.5299, 0.6213]","[16.5567, 24.2132]"
diabetes,MCAR,random,0.3,mean_pca,20,0.8670104991651202,0.8702550902161557,0.026912484379097,0.8209263202477648,0.9193454461746124,0.6890395517233106,0.6861467988298374,0.0188981974240876,0.6568873160934826,0.7232758515814329,0.0014151856001262,0.0013737339995713,0.0002328540747309,0.0012747471502734,0.001957983349348,,"[0.8209, 0.9193]","[0.6569, 0.7233]","[0.0013, 0.0020]"
diabetes,MCAR,random,0.3,mice_pca,20,0.8402588809852667,0.8331615402981841,0.0353877805374995,0.7893195154069531,0.909880350308263,0.6098467692981699,0.6098610363418566,0.0166850144235625,0.5787240230428138,0.6393831301268885,0.4432633269505459,0.4491875485018681,0.0610898870399247,0.3483300521011188,0.5304002488494917,,"[0.7893, 0.9099]","[0.5787, 0.6394]","[0.3483, 0.5304]"
diabetes,MCAR,random,0.3,vbpca_vb_modern,20,0.802859295225072,0.8028725267102288,0.0235033738668663,0.7560517686932653,0.8415275461769007,0.621160089664769,0.6223715383814183,0.0147441247725218,0.5883047622013146,0.6389430985809282,17.00165445639941,17.52665429949957,3.0020940735558748,13.465294254998208,20.076020856623654,0.1876334804453382,"[0.7561, 0.8415]","[0.5883, 0.6389]","[13.4653, 20.0760]"
diabetes,MCAR,random,0.5,mean_pca,20,0.9066661246291317,0.9032929445869756,0.0192058461080632,0.8745166979787018,0.9382763542420404,0.7296391397551187,0.7285262977266571,0.0152402329356958,0.7044568252433433,0.7528085573755151,0.0014113221506704,0.0014222589998098,6.235759984630281e-05,0.0012856023018684,0.0015050096756567,,"[0.8745, 0.9383]","[0.7045, 0.7528]","[0.0013, 0.0015]"
diabetes,MCAR,random,0.5,mice_pca,20,0.8816537757351943,0.8781863211306458,0.0222379960069652,0.849736802798839,0.918824980604974,0.674621733678829,0.673303734316367,0.012952957869714,0.6535898696425808,0.6954449799953052,0.1191552397500345,0.0646945980006421,0.1152750762127463,0.0404356705508689,0.3839016989491027,,"[0.8497, 0.9188]","[0.6536, 0.6954]","[0.0404, 0.3839]"
diabetes,MCAR,random,0.5,vbpca_vb_modern,20,0.843725556747802,0.841996645152143,0.0172546845602601,0.8105745532813016,0.8723666869430391,0.6615099501214321,0.6635154649041237,0.0140012161815069,0.636115611470959,0.6827833554359983,13.379933191149576,13.77997681349916,2.4489511411676053,10.56627987539814,15.920394838374795,0.261655049166594,"[0.8106, 0.8724]","[0.6361, 0.6828]","[10.5663, 15.9204]"
synthetic,MAR,block,0.1,mean_pca,20,0.6902046028783559,0.6860176056591234,0.0463916792900861,0.6072431476369327,0.7624346819123209,0.5413119138366717,0.5395166609872937,0.0358048568426151,0.476534260750346,0.5975600568714847,0.0026417114993818,0.00264419099949,0.0001113293819484,0.0024634379992675,0.002820906998022,,"[0.6072, 0.7624]","[0.4765, 0.5976]","[0.0025, 0.0028]"
synthetic,MAR,block,0.1,mice_pca,20,0.4742411363220634,0.4856764003655104,0.0471639063701891,0.3882672390393872,0.5426180065184366,0.3515022214214333,0.3633700676820507,0.0333256909770097,0.2908502871296459,0.3942960004802465,0.1165907093503846,0.1224804885005141,0.0112696470105412,0.0912722757519076,0.1302417350769246,,"[0.3883, 0.5426]","[0.2909, 0.3943]","[0.0913, 0.1302]"
synthetic,MAR,block,0.1,vbpca_vb_modern,20,0.5666740941246897,0.5755270247212085,0.0625542130669288,0.4531015736905355,0.6634947428895683,0.4267592550945968,0.4339090659556628,0.0472273497990937,0.3424639833967353,0.4937014836849895,199.00162117110068,224.01289804250152,30.809426790055223,155.96000878782652,227.5747580924505,0.0305314780612606,"[0.4531, 0.6635]","[0.3425, 0.4937]","[155.9600, 227.5748]"
synthetic,MAR,block,0.3,mean_pca,20,4.025287758479775,3.972376147840924,0.4632626929889629,3.319291974777129,4.802621794187911,3.1589816187267927,3.1584752281000883,0.4020037758265354,2.541739490886203,3.8554800999406127,0.0025233696998838,0.00252889749936,8.672161966589485e-05,0.0023646897243451,0.0026538758995229,,"[3.3193, 4.8026]","[2.5417, 3.8555]","[0.0024, 0.0027]"
synthetic,MAR,block,0.3,mice_pca,20,4.025287758479775,3.972376147840924,0.4632626929889629,3.319291974777129,4.802621794187911,3.1589816187267927,3.1584752281000883,0.4020037758265354,2.541739490886203,3.8554800999406127,0.0160131484508382,0.0160623490010038,0.0005864290902012,0.0148581046521939,0.0168896265249713,,"[3.3193, 4.8026]","[2.5417, 3.8555]","[0.0149, 0.0169]"
synthetic,MAR,block,0.3,vbpca_vb_modern,20,4.025287758479775,3.972376147840924,0.4632626929889628,3.319291974777129,4.802621794187911,3.1589816187267927,3.1584752281000883,0.4020037758265354,2.541739490886203,3.8554800999406127,171.0628077931504,191.1346484825008,25.91534672721167,132.92662919452587,194.46699216642503,75.3315118768028,"[3.3193, 4.8026]","[2.5417, 3.8555]","[132.9266, 194.4670]"
synthetic,MAR,block,0.5,mean_pca,20,3.92364534449636,3.9158604001110087,0.3895738531578571,3.169990342875664,4.506397232095678,3.0508759561900733,3.0377088651801403,0.2737280049103109,2.5258121620679144,3.4777700290543896,0.0025529475999064,0.0025542775001667,7.952604898375557e-05,0.0024224401749961,0.0027098918490082,,"[3.1700, 4.5064]","[2.5258, 3.4778]","[0.0024, 0.0027]"
synthetic,MAR,block,0.5,mice_pca,20,3.92364534449636,3.9158604001110087,0.3895738531578571,3.169990342875664,4.506397232095678,3.0508759561900733,3.0377088651801403,0.2737280049103109,2.5258121620679144,3.4777700290543896,0.0160053149500526,0.01621782949951,0.0006024478460719,0.0148688781766394,0.0168611377248452,,"[3.1700, 4.5064]","[2.5258, 3.4778]","[0.0149, 0.0169]"
synthetic,MAR,block,0.5,vbpca_vb_modern,20,3.92364534449636,3.9158604001110087,0.3895738531578571,3.169990342875664,4.506397232095678,3.0508759561900733,3.0377088651801403,0.2737280049103109,2.5258121620679144,3.4777700290543896,168.09979572645005,191.6136612620012,28.324432074566914,132.67278550237444,195.44101511597495,75.61733866512701,"[3.1700, 4.5064]","[2.5258, 3.4778]","[132.6728, 195.4410]"
synthetic,MAR,random,0.1,mean_pca,20,0.5634805060442734,0.5645362943046985,0.0163360143440113,0.5267908469140934,0.5829211068042223,0.4319830771878125,0.4340647805017481,0.0129315437966146,0.4037185978503319,0.4468819708090648,0.0027064161500674,0.0027035209996028,0.0001106340132815,0.0025421221743271,0.00290590577506,,"[0.5268, 0.5829]","[0.4037, 0.4469]","[0.0025, 0.0029]"
synthetic,MAR,random,0.1,mice_pca,20,0.4792086502343215,0.4823797442775245,0.0170553200427195,0.4418511406972982,0.4984279039783705,0.3565673417057996,0.3583410643534658,0.0137280372766646,0.327362699614527,0.3732560616905934,0.8645049658503012,0.8813849230000415,0.1450042226801454,0.6552769594752135,1.176098755975272,,"[0.4419, 0.4984]","[0.3274, 0.3733]","[0.6553, 1.1761]"
synthetic,MAR,random,0.1,vbpca_vb_modern,20,0.5319002409293319,0.5351983615460183,0.0200070790503034,0.4887623588100093,0.5532790964442058,0.3994211482745244,0.4015812044748765,0.0158566609304024,0.3665568266264721,0.4204099688329277,201.23433409969996,205.83591648549827,34.362950698317576,144.20288208905004,238.69840314950105,0.0294144854282331,"[0.4888, 0.5533]","[0.3666, 0.4204]","[144.2029, 238.6984]"
synthetic,MAR,random,0.3,mean_pca,20,0.6568064132976599,0.6599689069409265,0.0151377625454689,0.6288555041500468,0.6740090950612229,0.5110377783796223,0.5121102290629427,0.0122731116701584,0.4892929166058136,0.5269932067710577,0.0032031858496338,0.0032235809994745,0.0001358567057776,0.0029741354992437,0.0034201699496406,,"[0.6289, 0.6740]","[0.4893, 0.5270]","[0.0030, 0.0034]"
synthetic,MAR,random,0.3,mice_pca,20,0.4806423555134502,0.4820936581518035,0.0193483345364996,0.4423615925881106,0.505301987484289,0.3580283463475583,0.3605804031902287,0.0158981254595034,0.3263624887754207,0.381373989131968,2.4801786419504426,1.6912273550015016,1.209616133706632,1.2373038274993633,4.631863867050969,,"[0.4424, 0.5053]","[0.3264, 0.3814]","[1.2373, 4.6319]"
synthetic,MAR,random,0.3,vbpca_vb_modern,20,0.5483892468903356,0.5502399443687265,0.0228425745718354,0.5014950510474118,0.5804891949573179,0.4120981484527555,0.4143892431144151,0.0184945564249969,0.3743990324090358,0.440702075180894,164.92971754680065,175.31232021899996,22.180319450917327,129.02504634519977,188.2627674760269,0.0402784905492187,"[0.5015, 0.5805]","[0.3744, 0.4407]","[129.0250, 188.2628]"
synthetic,MAR,random,0.5,mean_pca,20,0.7678318859002468,0.765712961712714,0.0103934650304902,0.7544800134278116,0.7901678343753639,0.6015385565560305,0.6004392581614382,0.0083419118226638,0.5914568946585047,0.6206762453405776,0.0034201725506135,0.0034074210016114,0.0001218412634905,0.0031955592753547,0.0036105375753322,,"[0.7545, 0.7902]","[0.5915, 0.6207]","[0.0032, 0.0036]"
synthetic,MAR,random,0.5,mice_pca,20,0.5221470501456634,0.517712567713799,0.0148759746859658,0.5014542511921698,0.5535024300271159,0.3907789990667636,0.3862387591298517,0.0120107173578661,0.3750515094338549,0.4160916990943313,0.6647562922500583,0.6535597865004092,0.1204909874647218,0.5351937714230189,0.9330272307250194,,"[0.5015, 0.5535]","[0.3751, 0.4161]","[0.5352, 0.9330]"
synthetic,MAR,random,0.5,vbpca_vb_modern,20,0.5846701791157936,0.582276765391557,0.0182384971092792,0.5547497659100941,0.617984576638092,0.4403611699274757,0.4379167855926099,0.0143972569761699,0.4169249272639498,0.4685843754953916,115.49714120779971,121.82894638449945,18.138221264886685,90.36650604812483,134.27053285465007,0.0645487217441274,"[0.5547, 0.6180]","[0.4169, 0.4686]","[90.3665, 134.2705]"
synthetic,MCAR,block,0.1,mean_pca,20,0.6895935076219415,0.6870095190077479,0.0342659735315044,0.6330169690608453,0.7476071526412377,0.5424687061315607,0.5392383798295953,0.0252764462165969,0.5015577657075966,0.5854157704931291,0.0027659986494654,0.0027834324991999,7.620051328671265e-05,0.0026118489742202,0.0028728131990191,,"[0.6330, 0.7476]","[0.5016, 0.5854]","[0.0026, 0.0029]"
synthetic,MCAR,block,0.1,mice_pca,20,0.4839388049632568,0.4858475080879753,0.0476888019596433,0.4040407612198119,0.5609780295228612,0.3666732116964614,0.3716412873463091,0.0385118016706854,0.2944457975155792,0.417909349949488,0.2239431646499724,0.2628708859992912,0.0786576851188229,0.1120394853005108,0.3078757098502592,,"[0.4040, 0.5610]","[0.2944, 0.4179]","[0.1120, 0.3079]"
synthetic,MCAR,block,0.1,vbpca_vb_modern,20,0.5876090811378087,0.5832108915659449,0.0479824405655912,0.5089095090833925,0.6743811484748212,0.4484341981965135,0.4420312690466671,0.0388335814305822,0.3824335107658234,0.514230051088235,206.5652768061497,230.59821638,34.57165532420272,152.30869617909926,238.718559316174,0.0299840060598778,"[0.5089, 0.6744]","[0.3824, 0.5142]","[152.3087, 238.7186]"
synthetic,MCAR,block,0.3,mean_pca,20,3.9982962560269257,3.843800708868125,0.5264103068889854,3.2486194057366413,5.061472952376545,3.131001965155579,3.004098367086008,0.437228411088498,2.495384811362148,4.0153669745875655,0.0026179633502578,0.0026098284997715,9.547569583924784e-05,0.0024140833250384,0.0027348566004093,,"[3.2486, 5.0615]","[2.4954, 4.0154]","[0.0024, 0.0027]"
synthetic,MCAR,block,0.3,mice_pca,20,3.9982962560269257,3.843800708868125,0.5264103068889854,3.2486194057366413,5.061472952376545,3.131001965155579,3.004098367086008,0.437228411088498,2.495384811362148,4.0153669745875655,0.0166431997002291,0.0169291689999226,0.0008393057992512,0.014967989024717,0.0175222718005442,,"[3.2486, 5.0615]","[2.4954, 4.0154]","[0.0150, 0.0175]"
synthetic,MCAR,block,0.3,vbpca_vb_modern,20,3.9982962560269257,3.843800708868125,0.5264103068889854,3.2486194057366413,5.061472952376545,3.131001965155579,3.004098367086008,0.4372284110884979,2.495384811362148,4.015366974587565,174.7199161161002,185.97515748900065,27.36419887154523,133.74505849182606,202.62759461485044,81.86730176197729,"[3.2486, 5.0615]","[2.4954, 4.0154]","[133.7451, 202.6276]"
synthetic,MCAR,block,0.5,mean_pca,20,3.910294409813601,3.921066136587073,0.4798831508178454,3.098371028686576,4.727693834850435,3.0765305009558266,2.993829460557806,0.436028092526053,2.420408519595656,3.815380131956416,0.0026266268500875,0.0026004295004895,0.0001511986440634,0.0023987608003153,0.0029318215250441,,"[3.0984, 4.7277]","[2.4204, 3.8154]","[0.0024, 0.0029]"
synthetic,MCAR,block,0.5,mice_pca,20,3.910294409813601,3.921066136587073,0.4798831508178454,3.098371028686576,4.727693834850435,3.0765305009558266,2.993829460557806,0.436028092526053,2.420408519595656,3.815380131956416,0.0163114284002403,0.0167224730002999,0.0008223533020913,0.0149657076252878,0.0172436290008135,,"[3.0984, 4.7277]","[2.4204, 3.8154]","[0.0150, 0.0172]"
synthetic,MCAR,block,0.5,vbpca_vb_modern,20,3.910294409813601,3.921066136587073,0.4798831508178454,3.098371028686576,4.727693834850435,3.0765305009558266,2.993829460557806,0.436028092526053,2.420408519595656,3.815380131956416,173.53579987764988,183.83457623900085,27.84783718857902,134.12688865409964,200.7062125218748,68.71873366206019,"[3.0984, 4.7277]","[2.4204, 3.8154]","[134.1269, 200.7062]"
synthetic,MCAR,random,0.1,mean_pca,20,0.5559783691186098,0.5588594077477748,0.0190420986550976,0.526692067540238,0.5933762506466517,0.4254356686672008,0.4275463718944218,0.0156061422897803,0.3982797875029384,0.453220159660975,0.0021305470999322,0.0020758259997819,0.0002406810692636,0.0018592599253678,0.0025920426498487,,"[0.5267, 0.5934]","[0.3983, 0.4532]","[0.0019, 0.0026]"
synthetic,MCAR,random,0.1,mice_pca,20,0.4790849169720009,0.4822772633597443,0.0201418570357594,0.4461439110045018,0.5139629485279549,0.356485077095492,0.3615170118556621,0.0170232077871029,0.3246399926113058,0.3819947635473071,0.5336129730499124,0.5142496239996035,0.0703025251460141,0.3959008914998776,0.6507188697242781,,"[0.4461, 0.5140]","[0.3246, 0.3820]","[0.3959, 0.6507]"
synthetic,MCAR,random,0.1,vbpca_vb_modern,20,0.5296603410094072,0.5347847155157712,0.0217763943556711,0.4930969786930375,0.5690714388194955,0.3970477660672527,0.4024004424545084,0.0188887987118591,0.3615780370601409,0.4263610679403488,201.95897093669996,217.99771232500007,30.89294888750433,152.97372305742468,234.56468155367477,0.0293008966206157,"[0.4931, 0.5691]","[0.3616, 0.4264]","[152.9737, 234.5647]"
synthetic,MCAR,random,0.3,mean_pca,20,0.6276909829292645,0.6272624435585907,0.0159733554017386,0.5986762442573004,0.6548409268773807,0.4900561006389957,0.4892448050001059,0.0125422057934286,0.4650056853409501,0.5101588057250613,0.0029820209000717,0.0031101634995138,0.0003730003500854,0.0021431820757697,0.0033696381993194,,"[0.5987, 0.6548]","[0.4650, 0.5102]","[0.0021, 0.0034]"
synthetic,MCAR,random,0.3,mice_pca,20,0.4826647154713243,0.4798489502385706,0.0187992147493161,0.4543926772047271,0.5152677016227731,0.3601037624352103,0.3570712266940186,0.0140736125160764,0.3352982148856941,0.3830847455285577,1.0047277151499656,0.9981200284992156,0.2002779283434699,0.5983109953251187,1.3148645628504707,,"[0.4544, 0.5153]","[0.3353, 0.3831]","[0.5983, 1.3149]"
synthetic,MCAR,random,0.3,vbpca_vb_modern,20,0.5440691813292365,0.5419377474819371,0.02048713295665,0.5141340726430871,0.5799472805507208,0.4096440722929843,0.4063763127902414,0.0158535823525401,0.3824392679375252,0.4367216143443326,157.5270915886499,166.15627930000028,25.085162102940483,120.70167185527454,184.9012115009001,0.0393832374556483,"[0.5141, 0.5799]","[0.3824, 0.4367]","[120.7017, 184.9012]"
synthetic,MCAR,random,0.5,mean_pca,20,0.7282755432868914,0.7323114528122163,0.0140573953756812,0.7018210587287096,0.750613582087597,0.5742797681215152,0.5774848886099326,0.0109611596241042,0.5537786281315578,0.5896279052357059,0.0035180194998246,0.0034947449994433,0.0001295304847587,0.0032949884247954,0.0037627354492997,,"[0.7018, 0.7506]","[0.5538, 0.5896]","[0.0033, 0.0038]"
synthetic,MCAR,random,0.5,mice_pca,20,0.5006679261964674,0.5010120587022686,0.0167059549834638,0.4672593435162049,0.5268901491692136,0.374915534165541,0.3751634507972622,0.0135688850456847,0.3491557056284452,0.3979812535146679,0.6572835467000914,0.6615506230000392,0.0848084505060807,0.531411081075521,0.7992260216508839,,"[0.4673, 0.5269]","[0.3492, 0.3980]","[0.5314, 0.7992]"
synthetic,MCAR,random,0.5,vbpca_vb_modern,20,0.5711725034941512,0.57338034961923,0.0189639002536328,0.5340690642859592,0.6022436282741962,0.4321045179767994,0.4325259627095288,0.0161597319407841,0.4011155234687852,0.4582848632608342,118.13925549724982,121.77892189500017,19.44107943330532,91.4761257309991,138.39496201472403,0.0590084482440768,"[0.5341, 0.6022]","[0.4011, 0.4583]","[91.4761, 138.3950]"
wine,MAR,block,0.1,mean_pca,20,0.8698678151416912,0.8536327416217622,0.0767932183812857,0.7591564022291415,1.0173977754262045,0.6682358710771221,0.6628033763236745,0.0459148490332961,0.5983045178972294,0.7528584883014178,0.0014680214995677,0.001355071499347,0.0002716096264089,0.0012422759754371,0.002096240198989,,"[0.7592, 1.0174]","[0.5983, 0.7529]","[0.0012, 0.0021]"
wine,MAR,block,0.1,mice_pca,20,0.8170062539295143,0.7783271494322397,0.1184342575461825,0.646195132049675,1.04553960424674,0.605385566875524,0.5809655772459512,0.0836076814523145,0.4769609902858787,0.7687377313993785,0.0196733272498021,0.0180620105002162,0.0079785504550374,0.0109996141751252,0.0372409927263105,,"[0.6462, 1.0455]","[0.4770, 0.7687]","[0.0110, 0.0372]"
wine,MAR,block,0.1,vbpca_vb_modern,20,0.8124071403197849,0.7898761312776256,0.1039477879557323,0.6663811167575467,1.0025956125087692,0.602352685880686,0.5883257941584794,0.0714969877952872,0.4963890083991955,0.739005296054515,10.712185809349284,11.996165729000497,1.7356015597736738,8.251692128800006,12.24910870192316,0.1244599072227783,"[0.6664, 1.0026]","[0.4964, 0.7390]","[8.2517, 12.2491]"
wine,MAR,block,0.3,mean_pca,20,54.57362666433296,2.1718489463199973,108.93265300604612,0.555112732340993,308.19164410393,25.354454801789075,1.2722504698681734,51.25026272770625,0.4232302259887006,150.28323587570614,0.0016811251502076,0.0013582210012827,0.0007280848486092,0.001240848524867,0.0034993493002729,,"[0.5551, 308.1916]","[0.4232, 150.2832]","[0.0012, 0.0035]"
wine,MAR,block,0.3,mice_pca,20,54.57362666433296,2.1718489463199973,108.93265300604612,0.555112732340993,308.19164410393,25.354454801789075,1.2722504698681734,51.25026272770625,0.4232302259887006,150.28323587570614,0.0046221141992645,0.0046365344987862,0.0001742497149191,0.0042619904750608,0.0048756960484751,,"[0.5551, 308.1916]","[0.4232, 150.2832]","[0.0043, 0.0049]"
wine,MAR,block,0.3,vbpca_vb_modern,20,54.57362666433296,2.1718489463199973,108.93265300604612,0.555112732340993,308.19164410393,25.354454801789075,1.2722504698681734,51.25026272770625,0.4232302259887005,150.28323587570614,9.235009395050293,9.860661476501264,1.5259183768947044,7.260548218601525,10.85730024144941,31.693191033165,"[0.5551, 308.1916]","[0.4232, 150.2832]","[7.2605, 10.8573]"
wine,MAR,block,0.5,mean_pca,20,82.99158511499863,5.591016464902036,127.77650522096307,0.7344070958126321,332.21597077340914,39.27111676054614,2.812090395480226,61.41734509325116,0.4966915254237288,171.32671685499056,0.0014051198497326,0.0013307664994499,0.0002249316392089,0.0012187095490843,0.0019356074757524,,"[0.7344, 332.2160]","[0.4967, 171.3267]","[0.0012, 0.0019]"
wine,MAR,block,0.5,mice_pca,20,82.99158511499863,5.591016464902036,127.77650522096307,0.7344070958126321,332.21597077340914,39.27111676054614,2.812090395480226,61.41734509325116,0.4966915254237288,171.32671685499056,0.0046702263001861,0.0046409495007537,0.0002113268612133,0.0043524396502106,0.0051789731508505,,"[0.7344, 332.2160]","[0.4967, 171.3267]","[0.0044, 0.0052]"
wine,MAR,block,0.5,vbpca_vb_modern,20,82.98848114395251,5.591016464902036,127.778584583452,0.7344070958126321,332.21597077340914,39.27393337926112,2.812090395480226,61.415505456232864,0.4966915254237288,171.32671685499056,8.360031047200028,7.548230362999675,1.5035126410106725,6.946413427574498,10.559201815849883,48.500205730320936,"[0.7344, 332.2160]","[0.4967, 171.3267]","[6.9464, 10.5592]"
wine,MAR,random,0.1,mean_pca,20,0.7893447197145169,0.7838000780164319,0.0501348135220156,0.7129491720424554,0.8847433988204181,0.6075777001917688,0.6033730575282678,0.0307227895533445,0.5657494037788948,0.6743207796742734,0.0016733546997783,0.0013330114998097,0.0008582616943927,0.0012220102239552,0.0038361045993951,,"[0.7129, 0.8847]","[0.5657, 0.6743]","[0.0012, 0.0038]"
wine,MAR,random,0.1,mice_pca,20,0.7520481048848395,0.7512208950531483,0.0460845078130515,0.6851444688231383,0.8361454378347262,0.5644311600310226,0.5554379680725868,0.0280499682325716,0.5250646291758575,0.6141777111928356,0.093702838000172,0.0843563239996001,0.0545221972855156,0.0621588407753733,0.2200771807754787,,"[0.6851, 0.8361]","[0.5251, 0.6142]","[0.0622, 0.2201]"
wine,MAR,random,0.1,vbpca_vb_modern,20,0.7484765549210596,0.7473389553561358,0.04805797697917,0.6741109285308982,0.8359689082066288,0.5605988808159208,0.5547451237833586,0.0269579006893975,0.5243162790764759,0.6092713479868535,10.555819575600072,12.026515393998125,1.7999534526820289,8.26199783885022,12.2498215670249,0.1247753259696919,"[0.6741, 0.8360]","[0.5243, 0.6093]","[8.2620, 12.2498]"
wine,MAR,random,0.3,mean_pca,20,0.8594590080899149,0.8558460195104053,0.0370008384916955,0.7993118381824276,0.9346443711961576,0.6723852107741356,0.6668015617993815,0.0246449138202492,0.6383466015913797,0.7239385244962062,0.0015895886001089,0.0013791420005872,0.0008412990069047,0.0012412765508087,0.0036321654992206,,"[0.7993, 0.9346]","[0.6383, 0.7239]","[0.0012, 0.0036]"
wine,MAR,random,0.3,mice_pca,20,0.8922307710856845,0.8912899580615428,0.034101658609527,0.8208607384173424,0.9391637692521888,0.6706194163766629,0.6712635494698034,0.0251155072100035,0.6244134393446249,0.7055333343919166,0.5986872327503079,0.6149554505009291,0.1014425196070179,0.381743923974409,0.7044772719518733,,"[0.8209, 0.9392]","[0.6244, 0.7055]","[0.3817, 0.7045]"
wine,MAR,random,0.3,vbpca_vb_modern,20,0.7969191887666309,0.7921263311444249,0.0410976070972259,0.7329244918959552,0.8706449572558141,0.6014232295249547,0.6004452666750584,0.0232616461214462,0.5676460615351059,0.6369811488574133,9.094769999949676,9.950293457499356,1.4079023758913685,6.74317056932523,10.118622781049636,0.1687526503468709,"[0.7329, 0.8706]","[0.5676, 0.6370]","[6.7432, 10.1186]"
wine,MAR,random,0.5,mean_pca,20,0.9693318217414923,0.97449672517935,0.0287927308249052,0.910104717761774,1.0039824846195875,0.7651727276525755,0.7689965385519257,0.0205677141466198,0.7267587678379747,0.7942086313546284,0.0014397027998711,0.0013745494998147,0.000243061032796,0.0012490499500017,0.002080716997807,,"[0.9101, 1.0040]","[0.7268, 0.7942]","[0.0012, 0.0021]"
wine,MAR,random,0.5,mice_pca,20,0.9183993743365644,0.9232231270432736,0.0257729394507154,0.8751029496909096,0.9609730219203244,0.7043026899270106,0.7067421605848052,0.016443547872608,0.6759111890052862,0.7294246111717567,0.0978827589498905,0.0784888400012277,0.0627455816121613,0.0554611612735242,0.2477830434014319,,"[0.8751, 0.9610]","[0.6759, 0.7294]","[0.0555, 0.2478]"
wine,MAR,random,0.5,vbpca_vb_modern,20,0.8816497315641112,0.882952625191495,0.0283807741560096,0.8263506428004597,0.9337415251615137,0.673110991387061,0.6743432161176524,0.0190753293586089,0.6412703004728146,0.7116724062282286,6.5014235724007445,5.959159621999788,1.146799272939209,5.217226234775444,7.776164810274986,0.2543885807647384,"[0.8264, 0.9337]","[0.6413, 0.7117]","[5.2172, 7.7762]"
wine,MCAR,block,0.1,mean_pca,20,0.8180720211013476,0.7899330175866419,0.0956158362079269,0.6899785256348957,1.0194197350567236,0.6318032448316107,0.6248599868863504,0.0599672312596594,0.5399052531587816,0.7407886205684477,0.0014888121506373,0.0013507930016203,0.0002767289677343,0.0012568459997054,0.0020122851499763,,"[0.6900, 1.0194]","[0.5399, 0.7408]","[0.0013, 0.0020]"
wine,MCAR,block,0.1,mice_pca,20,0.7749571074275938,0.7541715928120943,0.1003098361410418,0.6523352441131637,0.9359531725934648,0.5865002785578217,0.57558465651194,0.0663477578223762,0.5024535627177161,0.6869251604465666,0.022819581800104,0.0194694655001512,0.009902575259304,0.0123781235486603,0.0412637161767633,,"[0.6523, 0.9360]","[0.5025, 0.6869]","[0.0124, 0.0413]"
wine,MCAR,block,0.1,vbpca_vb_modern,20,0.7663154340105882,0.745491476096119,0.1010416704990996,0.6479795974507507,0.97638348728395,0.580829372748548,0.5715206929173207,0.0613507184611959,0.4901757124605315,0.6885234234292604,11.239359673399305,12.105756781998934,1.558750208623163,8.389988728249046,12.276638442524565,0.1244098840709628,"[0.6480, 0.9764]","[0.4902, 0.6885]","[8.3900, 12.2766]"
wine,MCAR,block,0.3,mean_pca,20,60.04974106445046,3.490221530236655,100.8410447131003,0.5306793567863908,258.9799707096349,29.040362334745765,2.239887004708097,48.52543496245481,0.3715990583804143,126.91863276737288,0.0013835103003656,0.0013380310028878,0.0001675308187869,0.0012433979511115,0.0018485787243661,,"[0.5307, 258.9800]","[0.3716, 126.9186]","[0.0012, 0.0018]"
wine,MCAR,block,0.3,mice_pca,20,60.04974106445046,3.490221530236655,100.8410447131003,0.5306793567863908,258.9799707096349,29.040362334745765,2.239887004708097,48.52543496245481,0.3715990583804143,126.91863276737288,0.0045674912502362,0.0046327575000759,0.0002117375550736,0.0042090676492988,0.0049030362235498,,"[0.5307, 258.9800]","[0.3716, 126.9186]","[0.0042, 0.0049]"
wine,MCAR,block,0.3,vbpca_vb_modern,20,60.04974106445046,3.4902215302366617,100.8410447131003,0.5306793567863908,258.9799707096349,29.040362334745765,2.2398870047081094,48.52543496245481,0.3715990583804143,126.91863276737288,9.020512243600024,8.245568169000762,1.5624729727374027,7.254624887823593,10.749023758950443,32.01417863362966,"[0.5307, 258.9800]","[0.3716, 126.9186]","[7.2546, 10.7490]"
wine,MCAR,block,0.5,mean_pca,20,91.5535847771528,2.6158744720221137,172.13760662332177,0.6808222569065585,526.2348346908215,45.99564199557439,1.791986815442561,91.0795769832861,0.4726717514124294,288.64300706125226,0.0014966258004278,0.0013471059992298,0.0002996076574462,0.0012463320275855,0.0020698807265943,,"[0.6808, 526.2348]","[0.4727, 288.6430]","[0.0012, 0.0021]"
wine,MCAR,block,0.5,mice_pca,20,91.5535847771528,2.6158744720221137,172.13760662332177,0.6808222569065585,526.2348346908215,45.99564199557439,1.791986815442561,91.0795769832861,0.4726717514124294,288.64300706125226,0.004555280650129,0.0046019404981052,0.0001650433223906,0.004225252074957,0.0047560873253132,,"[0.6808, 526.2348]","[0.4727, 288.6430]","[0.0042, 0.0048]"
wine,MCAR,block,0.5,vbpca_vb_modern,20,91.5535847771528,2.6158744720221137,172.13760662332177,0.6808222569065585,526.2348346908215,45.99564199557439,1.791986815442561,91.0795769832861,0.4726717514124294,288.64300706125226,9.289605501099686,10.552535589498802,1.583916241406303,7.253431389850357,10.812665986975572,31.484239500340635,"[0.6808, 526.2348]","[0.4727, 288.6430]","[7.2534, 10.8127]"
wine,MCAR,random,0.1,mean_pca,20,0.7744649094591463,0.7610652529092147,0.0457727742512665,0.7055541270047868,0.8637080523620111,0.6002896312009295,0.5981550354173251,0.0315777003641608,0.5567419620520462,0.6623816387728665,0.0014596325494494,0.0013479179997375,0.000283974750154,0.0012324702499426,0.0020654478227697,,"[0.7056, 0.8637]","[0.5567, 0.6624]","[0.0012, 0.0021]"
wine,MCAR,random,0.1,mice_pca,20,0.7470717541101094,0.7385037184085081,0.0371837731495328,0.6944788173950109,0.8235095838387916,0.5688407124688304,0.5698886036368851,0.0267709333224571,0.5206067342280634,0.621219011732606,0.0751022472502881,0.0720217555008275,0.0120421350163171,0.0588866165993749,0.0984468178510724,,"[0.6945, 0.8235]","[0.5206, 0.6212]","[0.0589, 0.0984]"
wine,MCAR,random,0.1,vbpca_vb_modern,20,0.7404647003376448,0.7351175810833535,0.0450478714569092,0.6809484178703088,0.8307911340181849,0.5628825694012948,0.556804660265398,0.0299626103296177,0.5226366071728538,0.6260801681164969,10.68511572544976,12.010241959000268,1.7830645001965542,8.242950268825552,12.26429856510067,0.1246502784680223,"[0.6809, 0.8308]","[0.5226, 0.6261]","[8.2430, 12.2643]"
wine,MCAR,random,0.3,mean_pca,20,0.83265854656363,0.8358288950083125,0.0321775018866857,0.7792032793492616,0.8957346620101753,0.6505152314684176,0.648008365021961,0.0215367578206146,0.6123954289332271,0.6937669067146214,0.0016284604995234,0.001358256999083,0.0007478653868781,0.0012755517247569,0.0033950938503039,,"[0.7792, 0.8957]","[0.6124, 0.6938]","[0.0013, 0.0034]"
wine,MCAR,random,0.3,mice_pca,20,0.8481581119909849,0.8523122700531556,0.0395223165052687,0.7829294029591307,0.9055659955097924,0.6375035709187821,0.6425331140569822,0.0221141847116741,0.5998530746583346,0.6717953986078493,0.2742591780501243,0.1694454179996682,0.1683035970209944,0.0921422729755249,0.5664225821245964,,"[0.7829, 0.9056]","[0.5999, 0.6718]","[0.0921, 0.5664]"
wine,MCAR,random,0.3,vbpca_vb_modern,20,0.7768275788532242,0.7720398259143137,0.0310911273888635,0.7331390576164736,0.8355156471577515,0.5888982564755868,0.5898578550197823,0.0179824383117807,0.5643721533544519,0.623772739191331,8.61159407344985,9.81397282999933,1.4955456295589813,6.73047434652517,10.025856742973518,0.1642380251698074,"[0.7331, 0.8355]","[0.5644, 0.6238]","[6.7305, 10.0259]"
wine,MCAR,random,0.5,mean_pca,20,0.904206843874443,0.9055107597030344,0.0364636956183894,0.852457122917605,0.9670749748669284,0.718702007531158,0.7225490300401727,0.0242209023390884,0.6871920790053183,0.7628949884991852,0.0014840259498668,0.0013909549979871,0.0002519875423015,0.0012703745502221,0.0020829843996579,,"[0.8525, 0.9671]","[0.6872, 0.7629]","[0.0013, 0.0021]"
wine,MCAR,random,0.5,mice_pca,20,0.8697998386967821,0.8629220791620096,0.0311692673300078,0.8255808260668799,0.9290895098730876,0.6681354831505242,0.6644907247244174,0.021163388732774,0.6399014974608555,0.7129009625624241,0.0647573652000573,0.0586724394997872,0.018351229882065,0.0512127041256462,0.109653725325097,,"[0.8256, 0.9291]","[0.6399, 0.7129]","[0.0512, 0.1097]"
wine,MCAR,random,0.5,vbpca_vb_modern,20,0.831857443493675,0.8318287370344144,0.0342361618261785,0.7759743341586464,0.8810956024568474,0.6358531594362657,0.6358263290012443,0.0236190296203945,0.603657996105436,0.6767856902568062,6.536154303950025,5.97952400450049,1.132432724878806,5.253412767923601,7.769292506323564,0.2348201857392218,"[0.7760, 0.8811]","[0.6037, 0.6768]","[5.2534, 7.7693]"
