dataset,mechanism,pattern,missing_rate,n_components,synthetic_shape,comparator,reference,metric,n_reps,delta_mean,delta_median,delta_std,delta_ci_low,delta_ci_high,comparator_win_rate,vbpca_win_rate,delta_ci
diabetes,MAR,block,0.1,5,1000x50,mean_pca,vbpca_vb_modern,mae,20,0.088761811090479,0.0903962634394842,0.0446716595151816,0.0037737852338642,0.1516091547800825,0.0,1.0,"[0.0038, 0.1516]"
diabetes,MAR,block,0.1,5,1000x50,mice_pca,vbpca_vb_modern,mae,20,-0.0883105147526695,-0.1024111910008828,0.0532906045977764,-0.1706292719269096,-0.0082761290522363,0.95,0.05,"[-0.1706, -0.0083]"
diabetes,MAR,block,0.1,5,1000x50,mean_pca,vbpca_vb_modern,rmse,20,0.0828446560406036,0.0877948220957195,0.0509423853060294,-0.0025202216364831,0.1496959493811002,0.1,0.9,"[-0.0025, 0.1497]"
diabetes,MAR,block,0.1,5,1000x50,mice_pca,vbpca_vb_modern,rmse,20,-0.078836886536333,-0.0729578474734388,0.0487617697505459,-0.1822690349329775,-0.0122381030230972,1.0,0.0,"[-0.1823, -0.0122]"
diabetes,MAR,block,0.1,5,1000x50,mean_pca,vbpca_vb_modern,wall_time_sec,20,-21.583965844349585,-23.91015441950185,3.358782209156991,-24.27865522617521,-16.548355720799737,1.0,0.0,"[-24.2787, -16.5484]"
diabetes,MAR,block,0.1,5,1000x50,mice_pca,vbpca_vb_modern,wall_time_sec,20,-21.572233975099515,-23.902090437999505,3.355625537002987,-24.268960741798672,-16.5410617337001,1.0,0.0,"[-24.2690, -16.5411]"
diabetes,MAR,block,0.3,5,1000x50,mean_pca,vbpca_vb_modern,mae,20,2.5326962749261386e-17,0.0,5.56604562162239e-17,0.0,1.5838025335668236e-16,0.0,0.2,"[0.0000, 0.0000]"
diabetes,MAR,block,0.3,5,1000x50,mice_pca,vbpca_vb_modern,mae,20,2.5326962749261386e-17,0.0,5.56604562162239e-17,0.0,1.5838025335668236e-16,0.0,0.2,"[0.0000, 0.0000]"
diabetes,MAR,block,0.3,5,1000x50,mean_pca,vbpca_vb_modern,rmse,20,9.020562075079397e-18,0.0,4.531161755500138e-17,-5.828670879282071e-17,9.714451465470121e-17,0.05,0.15,"[-0.0000, 0.0000]"
diabetes,MAR,block,0.3,5,1000x50,mice_pca,vbpca_vb_modern,rmse,20,9.020562075079397e-18,0.0,4.531161755500138e-17,-5.828670879282071e-17,9.714451465470121e-17,0.05,0.15,"[-0.0000, 0.0000]"
diabetes,MAR,block,0.3,5,1000x50,mean_pca,vbpca_vb_modern,wall_time_sec,20,-19.410930715850373,-21.73491465250117,3.099936041451969,-22.07014038957423,-14.845218726876464,1.0,0.0,"[-22.0701, -14.8452]"
diabetes,MAR,block,0.3,5,1000x50,mice_pca,vbpca_vb_modern,wall_time_sec,20,-19.4084874098,-21.732341096498203,3.099872920087781,-22.06764642997541,-14.842923883125604,1.0,0.0,"[-22.0676, -14.8429]"
diabetes,MAR,block,0.5,5,1000x50,mean_pca,vbpca_vb_modern,mae,20,9.71445146547012e-18,0.0,4.344434768182728e-17,-5.100087019371813e-17,9.714451465470121e-17,0.05,0.15,"[-0.0000, 0.0000]"
diabetes,MAR,block,0.5,5,1000x50,mice_pca,vbpca_vb_modern,mae,20,9.71445146547012e-18,0.0,4.344434768182728e-17,-5.100087019371813e-17,9.714451465470121e-17,0.05,0.15,"[-0.0000, 0.0000]"
diabetes,MAR,block,0.5,5,1000x50,mean_pca,vbpca_vb_modern,rmse,20,-9.71445146547012e-18,0.0,2.990045071786273e-17,-9.714451465470121e-17,0.0,0.1,0.0,"[-0.0000, 0.0000]"
diabetes,MAR,block,0.5,5,1000x50,mice_pca,vbpca_vb_modern,rmse,20,-9.71445146547012e-18,0.0,2.990045071786273e-17,-9.714451465470121e-17,0.0,0.1,0.0,"[-0.0000, 0.0000]"
diabetes,MAR,block,0.5,5,1000x50,mean_pca,vbpca_vb_modern,wall_time_sec,20,-18.81178976789979,-19.27581029400062,3.249209158253355,-22.263864915551316,-14.907161438647927,1.0,0.0,"[-22.2639, -14.9072]"
diabetes,MAR,block,0.5,5,1000x50,mice_pca,vbpca_vb_modern,wall_time_sec,20,-18.80935442205009,-19.273283788999837,3.249164175391056,-22.26141415909906,-14.904889681273472,1.0,0.0,"[-22.2614, -14.9049]"
diabetes,MAR,random,0.1,5,1000x50,mean_pca,vbpca_vb_modern,mae,20,0.0574854129642824,0.0583342772888451,0.0136114068963583,0.0359325478914373,0.0815135310798415,0.0,1.0,"[0.0359, 0.0815]"
diabetes,MAR,random,0.1,5,1000x50,mice_pca,vbpca_vb_modern,mae,20,-0.0570823585148847,-0.0571900243673543,0.0101598037440814,-0.0711322504151018,-0.0391893578232358,1.0,0.0,"[-0.0711, -0.0392]"
diabetes,MAR,random,0.1,5,1000x50,mean_pca,vbpca_vb_modern,rmse,20,0.0520776846300375,0.0515815878669041,0.0158989146780116,0.0266490420452887,0.0824499527906991,0.0,1.0,"[0.0266, 0.0824]"
diabetes,MAR,random,0.1,5,1000x50,mice_pca,vbpca_vb_modern,rmse,20,-0.036865925340924,-0.0368042472896952,0.0137113154646333,-0.0594556041440576,-0.0141855850283922,1.0,0.0,"[-0.0595, -0.0142]"
diabetes,MAR,random,0.1,5,1000x50,mean_pca,vbpca_vb_modern,wall_time_sec,20,-21.27746195355012,-23.968253912500582,3.4878999240756285,-24.34972489617521,-16.42965705099805,1.0,0.0,"[-24.3497, -16.4297]"
diabetes,MAR,random,0.1,5,1000x50,mice_pca,vbpca_vb_modern,wall_time_sec,20,-20.90888066410061,-23.48538516750159,3.430374713934065,-23.885320696498184,-16.146162963224107,1.0,0.0,"[-23.8853, -16.1462]"
diabetes,MAR,random,0.3,5,1000x50,mean_pca,vbpca_vb_modern,mae,20,0.0685464539574894,0.0668082692617454,0.0113827872333567,0.0503745292838601,0.088328559797809,0.0,1.0,"[0.0504, 0.0883]"
diabetes,MAR,random,0.3,5,1000x50,mice_pca,vbpca_vb_modern,mae,20,-0.0210940524393015,-0.0254272518050453,0.0171619693023475,-0.0509456516482405,0.0103597966871695,0.85,0.15,"[-0.0509, 0.0104]"
diabetes,MAR,random,0.3,5,1000x50,mean_pca,vbpca_vb_modern,rmse,20,0.068833687155352,0.0696807093816433,0.0141900978870018,0.0401600732128743,0.0909392938647546,0.0,1.0,"[0.0402, 0.0909]"
diabetes,MAR,random,0.3,5,1000x50,mice_pca,vbpca_vb_modern,rmse,20,0.0101256293213077,0.0108040114417226,0.0219085683802561,-0.0291557617798916,0.0474105761357732,0.35,0.65,"[-0.0292, 0.0474]"
diabetes,MAR,random,0.3,5,1000x50,mean_pca,vbpca_vb_modern,wall_time_sec,20,-17.725451868550408,-19.836792599000542,2.850329789513748,-20.15523288344939,-13.528888218901283,1.0,0.0,"[-20.1552, -13.5289]"
diabetes,MAR,random,0.3,5,1000x50,mice_pca,vbpca_vb_modern,wall_time_sec,20,-17.249691250300383,-19.286629939499107,2.81881846145738,-19.69697788047797,-13.08055770669962,1.0,0.0,"[-19.6970, -13.0806]"
diabetes,MAR,random,0.5,5,1000x50,mean_pca,vbpca_vb_modern,mae,20,0.0705340793169579,0.0701711388031717,0.0106734684351156,0.0517525110883765,0.088607903719136,0.0,1.0,"[0.0518, 0.0886]"
diabetes,MAR,random,0.5,5,1000x50,mice_pca,vbpca_vb_modern,mae,20,0.0209647804453723,0.0185195930707764,0.0132700212696385,0.00281381175956,0.0415112320479565,0.0,1.0,"[0.0028, 0.0415]"
diabetes,MAR,random,0.5,5,1000x50,mean_pca,vbpca_vb_modern,rmse,20,0.0712916660910288,0.0698671604997335,0.0143731132408665,0.0499277122028844,0.0972478150345221,0.0,1.0,"[0.0499, 0.0972]"
diabetes,MAR,random,0.5,5,1000x50,mice_pca,vbpca_vb_modern,rmse,20,0.0513132290308083,0.045212532671337,0.0235588646341985,0.0233841432506004,0.0939770924908278,0.0,1.0,"[0.0234, 0.0940]"
diabetes,MAR,random,0.5,5,1000x50,mean_pca,vbpca_vb_modern,wall_time_sec,20,-13.06350938440064,-12.362370816497789,2.189771751993353,-15.887744211850896,-10.608967127827055,1.0,0.0,"[-15.8877, -10.6090]"
diabetes,MAR,random,0.5,5,1000x50,mice_pca,vbpca_vb_modern,wall_time_sec,20,-12.6622736313504,-11.87402646999908,2.1644412240913704,-15.490595417425263,-10.295958894298384,1.0,0.0,"[-15.4906, -10.2960]"
diabetes,MCAR,block,0.1,5,1000x50,mean_pca,vbpca_vb_modern,mae,20,0.0843834889342681,0.0912152450919707,0.0376277414942142,0.0104450787425433,0.1310218818572169,0.0,1.0,"[0.0104, 0.1310]"
diabetes,MCAR,block,0.1,5,1000x50,mice_pca,vbpca_vb_modern,mae,20,-0.0842610730954021,-0.0893791500675799,0.0586214747202714,-0.1932334493062562,0.0055269704146489,0.9,0.1,"[-0.1932, 0.0055]"
diabetes,MCAR,block,0.1,5,1000x50,mean_pca,vbpca_vb_modern,rmse,20,0.0707380578015653,0.091022752018246,0.0576001498350498,-0.0304617499780054,0.1581238766295676,0.15,0.85,"[-0.0305, 0.1581]"
diabetes,MCAR,block,0.1,5,1000x50,mice_pca,vbpca_vb_modern,rmse,20,-0.0786272979605063,-0.0731675953336273,0.0683946029664627,-0.2293326925008048,0.0055792233259597,0.9,0.1,"[-0.2293, 0.0056]"
diabetes,MCAR,block,0.1,5,1000x50,mean_pca,vbpca_vb_modern,wall_time_sec,20,-20.67681491700023,-21.23595247999947,3.5409025551947835,-24.306676295324277,-16.519169966250775,1.0,0.0,"[-24.3067, -16.5192]"
diabetes,MCAR,block,0.1,5,1000x50,mice_pca,vbpca_vb_modern,wall_time_sec,20,-20.664666326400585,-21.221319481001046,3.537068239984936,-24.287389856299345,-16.513827131100335,1.0,0.0,"[-24.2874, -16.5138]"
diabetes,MCAR,block,0.3,5,1000x50,mean_pca,vbpca_vb_modern,mae,20,-2.355754480376504e-16,0.0,1.0759360348506e-15,-2.5703397743548348e-15,9.714451465470121e-17,0.15,0.15,"[-0.0000, 0.0000]"
diabetes,MCAR,block,0.3,5,1000x50,mice_pca,vbpca_vb_modern,mae,20,-2.355754480376504e-16,0.0,1.0759360348506e-15,-2.5703397743548348e-15,9.714451465470121e-17,0.15,0.15,"[-0.0000, 0.0000]"
diabetes,MCAR,block,0.3,5,1000x50,mean_pca,vbpca_vb_modern,rmse,20,-1.8492152253912763e-16,0.0,8.050384813937702e-16,-1.936818760928105e-15,5.1000870193717984e-17,0.15,0.05,"[-0.0000, 0.0000]"
diabetes,MCAR,block,0.3,5,1000x50,mice_pca,vbpca_vb_modern,rmse,20,-1.8492152253912763e-16,0.0,8.050384813937702e-16,-1.936818760928105e-15,5.1000870193717984e-17,0.15,0.05,"[-0.0000, 0.0000]"
diabetes,MCAR,block,0.3,5,1000x50,mean_pca,vbpca_vb_modern,wall_time_sec,20,-18.920755958099107,-19.434418596501928,3.2725207082946954,-22.39356905517325,-15.06647426592408,1.0,0.0,"[-22.3936, -15.0665]"
diabetes,MCAR,block,0.3,5,1000x50,mice_pca,vbpca_vb_modern,wall_time_sec,20,-18.918347247699604,-19.43182040250213,3.272495112691733,-22.3910465719242,-15.06418965152243,1.0,0.0,"[-22.3910, -15.0642]"
diabetes,MCAR,block,0.5,5,1000x50,mean_pca,vbpca_vb_modern,mae,20,0.0001002829080525,0.0,0.0004484787987738,0.0,0.001052970534552,0.0,0.3,"[0.0000, 0.0011]"
diabetes,MCAR,block,0.5,5,1000x50,mice_pca,vbpca_vb_modern,mae,20,0.0001002829080525,0.0,0.0004484787987738,0.0,0.001052970534552,0.0,0.3,"[0.0000, 0.0011]"
diabetes,MCAR,block,0.5,5,1000x50,mean_pca,vbpca_vb_modern,rmse,20,8.598535333368997e-05,0.0,0.0003845381902468,-5.100087019371813e-17,0.0009028462100036,0.05,0.2,"[-0.0000, 0.0009]"
diabetes,MCAR,block,0.5,5,1000x50,mice_pca,vbpca_vb_modern,rmse,20,8.598535333368997e-05,0.0,0.0003845381902468,-5.100087019371813e-17,0.0009028462100036,0.05,0.2,"[-0.0000, 0.0009]"
diabetes,MCAR,block,0.5,5,1000x50,mean_pca,vbpca_vb_modern,wall_time_sec,20,-18.79502498599995,-19.36649238100108,3.336257466392744,-22.22085188452465,-14.934917208773186,1.0,0.0,"[-22.2209, -14.9349]"
diabetes,MCAR,block,0.5,5,1000x50,mice_pca,vbpca_vb_modern,wall_time_sec,20,-18.79260835665009,-19.36394810099955,3.336210170959295,-22.21832917729789,-14.932649662650327,1.0,0.0,"[-22.2183, -14.9326]"
diabetes,MCAR,random,0.1,5,1000x50,mean_pca,vbpca_vb_modern,mae,20,0.0662491220230299,0.0641578562636505,0.0149106036631881,0.0405689366465752,0.0930048266589899,0.0,1.0,"[0.0406, 0.0930]"
diabetes,MCAR,random,0.1,5,1000x50,mice_pca,vbpca_vb_modern,mae,20,-0.0591381154414479,-0.0599005720866827,0.015468324623794,-0.0836150286638877,-0.0297264913296449,1.0,0.0,"[-0.0836, -0.0297]"
diabetes,MCAR,random,0.1,5,1000x50,mean_pca,vbpca_vb_modern,rmse,20,0.061086403951624,0.06264063382692,0.0214717647510896,0.0221854255428664,0.0977218082917341,0.0,1.0,"[0.0222, 0.0977]"
diabetes,MCAR,random,0.1,5,1000x50,mice_pca,vbpca_vb_modern,rmse,20,-0.035381823680764,-0.0348723558491397,0.0145703676013984,-0.0605851898366601,-0.0132928803167699,1.0,0.0,"[-0.0606, -0.0133]"
diabetes,MCAR,random,0.1,5,1000x50,mean_pca,vbpca_vb_modern,wall_time_sec,20,-21.389943139050047,-24.0023782474982,3.390001511618211,-24.2118944071507,-16.555443168101192,1.0,0.0,"[-24.2119, -16.5554]"
diabetes,MCAR,random,0.1,5,1000x50,mice_pca,vbpca_vb_modern,wall_time_sec,20,-21.069857543950093,-23.62451769400104,3.379186161544914,-23.96794800847483,-16.279130064198945,1.0,0.0,"[-23.9679, -16.2791]"
diabetes,MCAR,random,0.3,5,1000x50,mean_pca,vbpca_vb_modern,mae,20,0.0678794620585414,0.0668683182205707,0.0116758081968768,0.0516434063176981,0.0919234275759417,0.0,1.0,"[0.0516, 0.0919]"
diabetes,MCAR,random,0.3,5,1000x50,mice_pca,vbpca_vb_modern,mae,20,-0.011313320366599,-0.0124545995135987,0.0146600674681197,-0.0386455390207071,0.016708151864846,0.85,0.15,"[-0.0386, 0.0167]"
diabetes,MCAR,random,0.3,5,1000x50,mean_pca,vbpca_vb_modern,rmse,20,0.0641512039400481,0.0644793324814703,0.0143367009896707,0.0437313026624886,0.0913534525090839,0.0,1.0,"[0.0437, 0.0914]"
diabetes,MCAR,random,0.3,5,1000x50,mice_pca,vbpca_vb_modern,rmse,20,0.0373995857601945,0.031087767831702,0.0365151641339605,-0.0123335071907158,0.1201660448970646,0.1,0.9,"[-0.0123, 0.1202]"
diabetes,MCAR,random,0.3,5,1000x50,mean_pca,vbpca_vb_modern,wall_time_sec,20,-17.000239270799284,-17.524746351498834,3.002024224513474,-20.074670713571777,-13.463988884324229,1.0,0.0,"[-20.0747, -13.4640]"
diabetes,MCAR,random,0.3,5,1000x50,mice_pca,vbpca_vb_modern,wall_time_sec,20,-16.558391129448864,-17.013892620998377,2.992545825858896,-19.64795350377235,-13.042598376248224,1.0,0.0,"[-19.6480, -13.0426]"
diabetes,MCAR,random,0.5,5,1000x50,mean_pca,vbpca_vb_modern,mae,20,0.0681291896336865,0.0671546345455765,0.0081921730589462,0.0568719266347029,0.0841780471228594,0.0,1.0,"[0.0569, 0.0842]"
diabetes,MCAR,random,0.5,5,1000x50,mice_pca,vbpca_vb_modern,mae,20,0.0131117835573967,0.0147618755420358,0.0114805970519896,-0.0064810955214206,0.0299063098505886,0.2,0.8,"[-0.0065, 0.0299]"
diabetes,MCAR,random,0.5,5,1000x50,mean_pca,vbpca_vb_modern,rmse,20,0.0629405678813295,0.0627598228053132,0.008407507855421,0.0517382485142272,0.0805585873250289,0.0,1.0,"[0.0517, 0.0806]"
diabetes,MCAR,random,0.5,5,1000x50,mice_pca,vbpca_vb_modern,rmse,20,0.0379282189873922,0.0387572665034008,0.0194307208847115,0.0030116774883763,0.0708302279659363,0.05,0.95,"[0.0030, 0.0708]"
diabetes,MCAR,random,0.5,5,1000x50,mean_pca,vbpca_vb_modern,wall_time_sec,20,-13.378521868998906,-13.77853808349937,2.448925891111809,-15.918974757099296,-10.564969310147898,1.0,0.0,"[-15.9190, -10.5650]"
diabetes,MCAR,random,0.5,5,1000x50,mice_pca,vbpca_vb_modern,wall_time_sec,20,-13.26077795139954,-13.506481993999842,2.462013008202073,-15.84817599540029,-10.380348842646526,1.0,0.0,"[-15.8482, -10.3803]"
synthetic,MAR,block,0.1,5,1000x50,mean_pca,vbpca_vb_modern,mae,20,0.1145526587420749,0.1092148361757308,0.0260362026620467,0.0789123049151025,0.1681801619710044,0.0,1.0,"[0.0789, 0.1682]"
synthetic,MAR,block,0.1,5,1000x50,mice_pca,vbpca_vb_modern,mae,20,-0.0752570336731633,-0.0707028778579043,0.0264440069993921,-0.1329372341090345,-0.0448372201199439,1.0,0.0,"[-0.1329, -0.0448]"
synthetic,MAR,block,0.1,5,1000x50,mean_pca,vbpca_vb_modern,rmse,20,0.1235305087536663,0.1138625182563232,0.0318386283951879,0.0871858899080759,0.1895581103926884,0.0,1.0,"[0.0872, 0.1896]"
synthetic,MAR,block,0.1,5,1000x50,mice_pca,vbpca_vb_modern,rmse,20,-0.0924329578026263,-0.0838066341406497,0.0302652862565952,-0.1544399744092327,-0.0567606864378816,1.0,0.0,"[-0.1544, -0.0568]"
synthetic,MAR,block,0.1,5,1000x50,mean_pca,vbpca_vb_modern,wall_time_sec,20,-198.9989794596013,-224.0102389700023,30.809395921174534,-227.57218353162625,-155.95747949015183,1.0,0.0,"[-227.5722, -155.9575]"
synthetic,MAR,block,0.1,5,1000x50,mice_pca,vbpca_vb_modern,wall_time_sec,20,-198.8850304617503,-223.88855625550056,30.801034019357747,-227.45120692879945,-155.8533481319271,1.0,0.0,"[-227.4512, -155.8533]"
synthetic,MAR,block,0.3,5,1000x50,mean_pca,vbpca_vb_modern,mae,20,0.0,0.0,0.0,0.0,0.0,0.0,0.0,"[0.0000, 0.0000]"
synthetic,MAR,block,0.3,5,1000x50,mice_pca,vbpca_vb_modern,mae,20,0.0,0.0,0.0,0.0,0.0,0.0,0.0,"[0.0000, 0.0000]"
synthetic,MAR,block,0.3,5,1000x50,mean_pca,vbpca_vb_modern,rmse,20,4.440892098500626e-17,0.0,1.986027322597818e-16,0.0,4.662936703425645e-16,0.0,0.05,"[0.0000, 0.0000]"
synthetic,MAR,block,0.3,5,1000x50,mice_pca,vbpca_vb_modern,rmse,20,4.440892098500626e-17,0.0,1.986027322597818e-16,0.0,4.662936703425645e-16,0.0,0.05,"[0.0000, 0.0000]"
synthetic,MAR,block,0.3,5,1000x50,mean_pca,vbpca_vb_modern,wall_time_sec,20,-171.0602844234505,-191.1320584260011,25.91533061570803,-194.4645373720484,-132.92418788735148,1.0,0.0,"[-194.4645, -132.9242]"
synthetic,MAR,block,0.3,5,1000x50,mice_pca,vbpca_vb_modern,wall_time_sec,20,-171.04679464469956,-191.11805196100067,25.914974371698936,-194.4507930119752,-132.91177108987367,1.0,0.0,"[-194.4508, -132.9118]"
synthetic,MAR,block,0.5,5,1000x50,mean_pca,vbpca_vb_modern,mae,20,-2.220446049250313e-17,0.0,2.266710310712307e-16,-4.662936703425657e-16,2.3314683517128224e-16,0.05,0.05,"[-0.0000, 0.0000]"
synthetic,MAR,block,0.5,5,1000x50,mice_pca,vbpca_vb_modern,mae,20,-2.220446049250313e-17,0.0,2.266710310712307e-16,-4.662936703425657e-16,2.3314683517128224e-16,0.05,0.05,"[-0.0000, 0.0000]"
synthetic,MAR,block,0.5,5,1000x50,mean_pca,vbpca_vb_modern,rmse,20,0.0,0.0,0.0,0.0,0.0,0.0,0.0,"[0.0000, 0.0000]"
synthetic,MAR,block,0.5,5,1000x50,mice_pca,vbpca_vb_modern,rmse,20,0.0,0.0,0.0,0.0,0.0,0.0,0.0,"[0.0000, 0.0000]"
synthetic,MAR,block,0.5,5,1000x50,mean_pca,vbpca_vb_modern,wall_time_sec,20,-168.09724277885016,-191.6111233665015,28.324397789983667,-195.43838847079996,-132.6703170190247,1.0,0.0,"[-195.4384, -132.6703]"
synthetic,MAR,block,0.5,5,1000x50,mice_pca,vbpca_vb_modern,wall_time_sec,20,-168.08379041150002,-191.597328256501,28.32394563176222,-195.4246581768001,-132.65790949554776,1.0,0.0,"[-195.4247, -132.6579]"
synthetic,MAR,random,0.1,5,1000x50,mean_pca,vbpca_vb_modern,mae,20,0.0325619289132879,0.0342149766321649,0.0048895959933245,0.0231007800549147,0.0385803946600492,0.0,1.0,"[0.0231, 0.0386]"
synthetic,MAR,random,0.1,5,1000x50,mice_pca,vbpca_vb_modern,mae,20,-0.0428538065687248,-0.0430114037901032,0.0027486378782452,-0.0471730043491404,-0.0376168248380685,1.0,0.0,"[-0.0472, -0.0376]"
synthetic,MAR,random,0.1,5,1000x50,mean_pca,vbpca_vb_modern,rmse,20,0.0315802651149413,0.0315153428682937,0.0059720705079838,0.0222236781748654,0.0440297520676334,0.0,1.0,"[0.0222, 0.0440]"
synthetic,MAR,random,0.1,5,1000x50,mice_pca,vbpca_vb_modern,rmse,20,-0.0526915906950103,-0.0527504359173514,0.0046999983802032,-0.0609921504110218,-0.0443183558997831,1.0,0.0,"[-0.0610, -0.0443]"
synthetic,MAR,random,0.1,5,1000x50,mean_pca,vbpca_vb_modern,wall_time_sec,20,-201.23162768354987,-205.83326579299955,34.36289888793863,-238.6956773233753,-144.20033606189946,1.0,0.0,"[-238.6957, -144.2003]"
synthetic,MAR,random,0.1,5,1000x50,mice_pca,vbpca_vb_modern,wall_time_sec,20,-200.36982913384963,-205.02767340599712,34.29085004503288,-237.8924233480258,-143.5416153695248,1.0,0.0,"[-237.8924, -143.5416]"
synthetic,MAR,random,0.3,5,1000x50,mean_pca,vbpca_vb_modern,mae,20,0.0989396299268669,0.0960920326576752,0.0083500381768733,0.0856792321141129,0.1149079815741434,0.0,1.0,"[0.0857, 0.1149]"
synthetic,MAR,random,0.3,5,1000x50,mice_pca,vbpca_vb_modern,mae,20,-0.0540698021051971,-0.0535277868196023,0.0034610164489783,-0.0600356620487589,-0.0480365436336151,1.0,0.0,"[-0.0600, -0.0480]"
synthetic,MAR,random,0.3,5,1000x50,mean_pca,vbpca_vb_modern,rmse,20,0.1084171664073242,0.1062493342796843,0.0105344282142399,0.0931917833033139,0.127360453102635,0.0,1.0,"[0.0932, 0.1274]"
synthetic,MAR,random,0.3,5,1000x50,mice_pca,vbpca_vb_modern,rmse,20,-0.0677468913768854,-0.0673400233819692,0.0048962132105809,-0.0763748558310937,-0.059133458459301,1.0,0.0,"[-0.0764, -0.0591]"
synthetic,MAR,random,0.3,5,1000x50,mean_pca,vbpca_vb_modern,wall_time_sec,20,-164.92651436095102,-175.30910191300063,22.18028228451848,-188.259553179227,-129.02188102037553,1.0,0.0,"[-188.2596, -129.0219]"
synthetic,MAR,random,0.3,5,1000x50,mice_pca,vbpca_vb_modern,wall_time_sec,20,-162.4495389048502,-173.2397865064995,22.22864823260268,-186.10234888852568,-126.61325618912402,1.0,0.0,"[-186.1023, -126.6133]"
synthetic,MAR,random,0.5,5,1000x50,mean_pca,vbpca_vb_modern,mae,20,0.1611773866285548,0.16015821841945,0.0096215298816449,0.1463972547461172,0.1812046540238193,0.0,1.0,"[0.1464, 0.1812]"
synthetic,MAR,random,0.5,5,1000x50,mice_pca,vbpca_vb_modern,mae,20,-0.0495821708607121,-0.050034265489635,0.0053535158110872,-0.058867118490628,-0.0404305935667944,1.0,0.0,"[-0.0589, -0.0404]"
synthetic,MAR,random,0.5,5,1000x50,mean_pca,vbpca_vb_modern,rmse,20,0.1831617067844531,0.1820739680545947,0.0122675082190716,0.1644422353801711,0.2073503525971431,0.0,1.0,"[0.1644, 0.2074]"
synthetic,MAR,random,0.5,5,1000x50,mice_pca,vbpca_vb_modern,rmse,20,-0.0625231289701301,-0.0626338050000342,0.0067923797324626,-0.0734478342084812,-0.0504689660752347,1.0,0.0,"[-0.0734, -0.0505]"
synthetic,MAR,random,0.5,5,1000x50,mean_pca,vbpca_vb_modern,wall_time_sec,20,-115.49372103524912,-121.8255181149998,18.1381865613024,-134.26700930049984,-90.3633104888495,1.0,0.0,"[-134.2670, -90.3633]"
synthetic,MAR,random,0.5,5,1000x50,mice_pca,vbpca_vb_modern,wall_time_sec,20,-114.83238491554968,-121.14334141549988,18.110064703012547,-133.62192412819795,-89.83120948195156,1.0,0.0,"[-133.6219, -89.8312]"
synthetic,MCAR,block,0.1,5,1000x50,mean_pca,vbpca_vb_modern,mae,20,0.0940345079350472,0.0926880764042422,0.0215988599788118,0.0683897788238235,0.1410039528847049,0.0,1.0,"[0.0684, 0.1410]"
synthetic,MCAR,block,0.1,5,1000x50,mice_pca,vbpca_vb_modern,mae,20,-0.0817609865000521,-0.0744483489493831,0.0342010265966149,-0.162211077948447,-0.0478452436729817,1.0,0.0,"[-0.1622, -0.0478]"
synthetic,MCAR,block,0.1,5,1000x50,mean_pca,vbpca_vb_modern,rmse,20,0.1019844264841328,0.0982551906892722,0.0217439999574645,0.0717719466662328,0.1456747600142251,0.0,1.0,"[0.0718, 0.1457]"
synthetic,MCAR,block,0.1,5,1000x50,mice_pca,vbpca_vb_modern,rmse,20,-0.1036702761745519,-0.0945078857308317,0.0440529615830798,-0.200713894111197,-0.0583574623093421,1.0,0.0,"[-0.2007, -0.0584]"
synthetic,MCAR,block,0.1,5,1000x50,mean_pca,vbpca_vb_modern,wall_time_sec,20,-206.56251080750025,-230.5953782925008,34.57161782892582,-238.71579882439968,-152.30602537054975,1.0,0.0,"[-238.7158, -152.3060]"
synthetic,MCAR,block,0.1,5,1000x50,mice_pca,vbpca_vb_modern,wall_time_sec,20,-206.34133364149972,-230.39993232850068,34.55936530332313,-238.43501339294892,-152.09640949147362,1.0,0.0,"[-238.4350, -152.0964]"
synthetic,MCAR,block,0.3,5,1000x50,mean_pca,vbpca_vb_modern,mae,20,4.440892098500626e-17,0.0,1.986027322597818e-16,0.0,4.662936703425645e-16,0.0,0.05,"[0.0000, 0.0000]"
synthetic,MCAR,block,0.3,5,1000x50,mice_pca,vbpca_vb_modern,mae,20,4.440892098500626e-17,0.0,1.986027322597818e-16,0.0,4.662936703425645e-16,0.0,0.05,"[0.0000, 0.0000]"
synthetic,MCAR,block,0.3,5,1000x50,mean_pca,vbpca_vb_modern,rmse,20,0.0,0.0,0.0,0.0,0.0,0.0,0.0,"[0.0000, 0.0000]"
synthetic,MCAR,block,0.3,5,1000x50,mice_pca,vbpca_vb_modern,rmse,20,0.0,0.0,0.0,0.0,0.0,0.0,0.0,"[0.0000, 0.0000]"
synthetic,MCAR,block,0.3,5,1000x50,mean_pca,vbpca_vb_modern,wall_time_sec,20,-174.71729815274995,-185.9724478745002,27.36414222895465,-202.62489899520037,-133.7424966022757,1.0,0.0,"[-202.6249, -133.7425]"
synthetic,MCAR,block,0.3,5,1000x50,mice_pca,vbpca_vb_modern,wall_time_sec,20,-174.70327291639995,-185.9579635520004,27.36356571727984,-202.61051276767495,-133.72962431977618,1.0,0.0,"[-202.6105, -133.7296]"
synthetic,MCAR,block,0.5,5,1000x50,mean_pca,vbpca_vb_modern,mae,20,-6.661338147750939e-17,0.0,2.607438481183165e-16,-6.7723604502134545e-16,2.3314683517128224e-16,0.15,0.05,"[-0.0000, 0.0000]"
synthetic,MCAR,block,0.5,5,1000x50,mice_pca,vbpca_vb_modern,mae,20,-6.661338147750939e-17,0.0,2.607438481183165e-16,-6.7723604502134545e-16,2.3314683517128224e-16,0.15,0.05,"[-0.0000, 0.0000]"
synthetic,MCAR,block,0.5,5,1000x50,mean_pca,vbpca_vb_modern,rmse,20,0.0,0.0,0.0,0.0,0.0,0.0,0.0,"[0.0000, 0.0000]"
synthetic,MCAR,block,0.5,5,1000x50,mice_pca,vbpca_vb_modern,rmse,20,0.0,0.0,0.0,0.0,0.0,0.0,0.0,"[0.0000, 0.0000]"
synthetic,MCAR,block,0.5,5,1000x50,mean_pca,vbpca_vb_modern,wall_time_sec,20,-173.5331732507998,-183.83204274000127,27.847758967320377,-200.70354775782457,-134.12443605879903,1.0,0.0,"[-200.7035, -134.1244]"
synthetic,MCAR,block,0.5,5,1000x50,mice_pca,vbpca_vb_modern,wall_time_sec,20,-173.51948844924965,-183.8184748775002,27.847194512770443,-200.68923701364943,-134.11174234149962,1.0,0.0,"[-200.6892, -134.1117]"
synthetic,MCAR,random,0.1,5,1000x50,mean_pca,vbpca_vb_modern,mae,20,0.0283879025999481,0.0274142802137659,0.0050908019249398,0.0208939298069411,0.0381681917044534,0.0,1.0,"[0.0209, 0.0382]"
synthetic,MCAR,random,0.1,5,1000x50,mice_pca,vbpca_vb_modern,mae,20,-0.0405626889717606,-0.0404457738048932,0.0021900668653896,-0.0444522961392967,-0.0365960979191691,1.0,0.0,"[-0.0445, -0.0366]"
synthetic,MCAR,random,0.1,5,1000x50,mean_pca,vbpca_vb_modern,rmse,20,0.0263180281092025,0.0259269988360454,0.0042843642054004,0.0194900921666177,0.0349549872201184,0.0,1.0,"[0.0195, 0.0350]"
synthetic,MCAR,random,0.1,5,1000x50,mice_pca,vbpca_vb_modern,rmse,20,-0.0505754240374063,-0.0503502276076596,0.0025644717516676,-0.0551084902915406,-0.0462499451389256,1.0,0.0,"[-0.0551, -0.0462]"
synthetic,MCAR,random,0.1,5,1000x50,mean_pca,vbpca_vb_modern,wall_time_sec,20,-201.9568403896,-217.9955655424992,30.892889463952194,-234.562264793575,-152.97174739584938,1.0,0.0,"[-234.5623, -152.9717]"
synthetic,MCAR,random,0.1,5,1000x50,mice_pca,vbpca_vb_modern,wall_time_sec,20,-201.42535796365,-217.4103569259996,30.857981564996603,-234.05139344482464,-152.47439629150028,1.0,0.0,"[-234.0514, -152.4744]"
synthetic,MCAR,random,0.3,5,1000x50,mean_pca,vbpca_vb_modern,mae,20,0.0804120283460114,0.0803405057293636,0.0052508742600312,0.0720748978330555,0.088408074153215,0.0,1.0,"[0.0721, 0.0884]"
synthetic,MCAR,random,0.3,5,1000x50,mice_pca,vbpca_vb_modern,mae,20,-0.0495403098577739,-0.0487820381324488,0.0026552223629071,-0.0558068984594739,-0.0462754883851515,1.0,0.0,"[-0.0558, -0.0463]"
synthetic,MCAR,random,0.3,5,1000x50,mean_pca,vbpca_vb_modern,rmse,20,0.0836218016000281,0.0831778970931998,0.0063231068491622,0.0718730513575099,0.092539724829188,0.0,1.0,"[0.0719, 0.0925]"
synthetic,MCAR,random,0.3,5,1000x50,mice_pca,vbpca_vb_modern,rmse,20,-0.061404465857912,-0.0611688810491886,0.0027632800543616,-0.0667918509270536,-0.0579021106158235,1.0,0.0,"[-0.0668, -0.0579]"
synthetic,MCAR,random,0.3,5,1000x50,mean_pca,vbpca_vb_modern,wall_time_sec,20,-157.52410956774983,-166.1532586935,25.085167214406663,-184.89815830259985,-120.699077846774,1.0,0.0,"[-184.8982, -120.6991]"
synthetic,MCAR,random,0.3,5,1000x50,mice_pca,vbpca_vb_modern,wall_time_sec,20,-156.52236387349996,-165.1303975565006,24.99361435006847,-183.8356678732509,-119.93685023599924,1.0,0.0,"[-183.8357, -119.9369]"
synthetic,MCAR,random,0.5,5,1000x50,mean_pca,vbpca_vb_modern,mae,20,0.1421752501447156,0.1428338153226516,0.0079719705271416,0.1296647082102664,0.1555251764683264,0.0,1.0,"[0.1297, 0.1555]"
synthetic,MCAR,random,0.5,5,1000x50,mice_pca,vbpca_vb_modern,mae,20,-0.0571889838112584,-0.0571896844744748,0.0037936080104049,-0.0635016616930271,-0.0503047923950093,1.0,0.0,"[-0.0635, -0.0503]"
synthetic,MCAR,random,0.5,5,1000x50,mean_pca,vbpca_vb_modern,rmse,20,0.1571030397927402,0.1576620241289441,0.0084510316217064,0.1419395133150426,0.1713758607706024,0.0,1.0,"[0.1419, 0.1714]"
synthetic,MCAR,random,0.5,5,1000x50,mice_pca,vbpca_vb_modern,rmse,20,-0.0705045772976837,-0.0701334326656171,0.0034046026797553,-0.0770618576970877,-0.0650989093743981,1.0,0.0,"[-0.0771, -0.0651]"
synthetic,MCAR,random,0.5,5,1000x50,mean_pca,vbpca_vb_modern,wall_time_sec,20,-118.13573747774998,-121.77536995650009,19.44103352174016,-138.3914567541492,-91.47283074257432,1.0,0.0,"[-138.3915, -91.4728]"
synthetic,MCAR,random,0.5,5,1000x50,mice_pca,vbpca_vb_modern,wall_time_sec,20,-117.48197195054972,-121.11334245850048,19.391715323482497,-137.73636625162402,-90.87286622394846,1.0,0.0,"[-137.7364, -90.8729]"
wine,MAR,block,0.1,5,1000x50,mean_pca,vbpca_vb_modern,mae,20,0.0658831851964362,0.0620525045804694,0.041746113727689,-0.0060587348701257,0.1381438297494082,0.05,0.95,"[-0.0061, 0.1381]"
wine,MAR,block,0.1,5,1000x50,mice_pca,vbpca_vb_modern,mae,20,0.0030328809948381,1.1786091824728118e-06,0.0201381205211803,-0.0194806362736654,0.0396612208930345,0.5,0.5,"[-0.0195, 0.0397]"
wine,MAR,block,0.1,5,1000x50,mean_pca,vbpca_vb_modern,rmse,20,0.0574606748219064,0.0560065201116817,0.0410669312303084,-0.0154630871721279,0.1263237642000979,0.1,0.9,"[-0.0155, 0.1263]"
wine,MAR,block,0.1,5,1000x50,mice_pca,vbpca_vb_modern,rmse,20,0.0045991136097295,0.0026782662259359,0.0279756358409649,-0.0318589823131007,0.0492076005338832,0.45,0.55,"[-0.0319, 0.0492]"
wine,MAR,block,0.1,5,1000x50,mean_pca,vbpca_vb_modern,wall_time_sec,20,-10.710717787849717,-11.994785488501291,1.735456831468862,-12.247331782373385,-8.250446650376034,1.0,0.0,"[-12.2473, -8.2504]"
wine,MAR,block,0.1,5,1000x50,mice_pca,vbpca_vb_modern,wall_time_sec,20,-10.692512482099485,-11.969852678501413,1.733308425572785,-12.232272143698902,-8.239928222999879,1.0,0.0,"[-12.2323, -8.2399]"
wine,MAR,block,0.3,5,1000x50,mean_pca,vbpca_vb_modern,mae,20,0.0,0.0,3.6020391365357295e-17,-5.828670879282071e-17,5.828670879282056e-17,0.05,0.05,"[-0.0000, 0.0000]"
wine,MAR,block,0.3,5,1000x50,mice_pca,vbpca_vb_modern,mae,20,0.0,0.0,3.6020391365357295e-17,-5.828670879282071e-17,5.828670879282056e-17,0.05,0.05,"[-0.0000, 0.0000]"
wine,MAR,block,0.3,5,1000x50,mean_pca,vbpca_vb_modern,rmse,20,0.0,0.0,0.0,0.0,0.0,0.0,0.0,"[0.0000, 0.0000]"
wine,MAR,block,0.3,5,1000x50,mice_pca,vbpca_vb_modern,rmse,20,0.0,0.0,0.0,0.0,0.0,0.0,0.0,"[0.0000, 0.0000]"
wine,MAR,block,0.3,5,1000x50,mean_pca,vbpca_vb_modern,wall_time_sec,20,-9.233328269900085,-9.859287698000117,1.5258713083454614,-10.8557282243245,-7.259297661477285,1.0,0.0,"[-10.8557, -7.2593]"
wine,MAR,block,0.3,5,1000x50,mice_pca,vbpca_vb_modern,wall_time_sec,20,-9.230387280851028,-9.855992108001374,1.5258174285540356,-10.85259970285051,-7.256284540076649,1.0,0.0,"[-10.8526, -7.2563]"
wine,MAR,block,0.5,5,1000x50,mean_pca,vbpca_vb_modern,mae,20,-0.0028166187149749,0.0,0.0125963018267643,-0.0295744965072374,1.1657341758564112e-16,0.05,0.05,"[-0.0296, 0.0000]"
wine,MAR,block,0.5,5,1000x50,mice_pca,vbpca_vb_modern,mae,20,-0.0028166187149749,0.0,0.0125963018267643,-0.0295744965072374,1.1657341758564112e-16,0.05,0.05,"[-0.0296, 0.0000]"
wine,MAR,block,0.5,5,1000x50,mean_pca,vbpca_vb_modern,rmse,20,0.0031039710461192,0.0,0.0138813805186272,0.0,0.0325916959842515,0.0,0.1,"[0.0000, 0.0326]"
wine,MAR,block,0.5,5,1000x50,mice_pca,vbpca_vb_modern,rmse,20,0.0031039710461192,0.0,0.0138813805186272,0.0,0.0325916959842515,0.0,0.1,"[0.0000, 0.0326]"
wine,MAR,block,0.5,5,1000x50,mean_pca,vbpca_vb_modern,wall_time_sec,20,-8.358625927350294,-7.546873045499524,1.503390202828961,-10.557837996725356,-6.945094929500738,1.0,0.0,"[-10.5578, -6.9451]"
wine,MAR,block,0.5,5,1000x50,mice_pca,vbpca_vb_modern,wall_time_sec,20,-8.355360820899842,-7.54352647199812,1.5034678471626597,-10.55428275632412,-6.941697619049774,1.0,0.0,"[-10.5543, -6.9417]"
wine,MAR,random,0.1,5,1000x50,mean_pca,vbpca_vb_modern,mae,20,0.0469788193758481,0.0461481811142968,0.015018128072207,0.0193307697098641,0.071330241940929,0.0,1.0,"[0.0193, 0.0713]"
wine,MAR,random,0.1,5,1000x50,mice_pca,vbpca_vb_modern,mae,20,0.0038322792151017,0.0052636452265311,0.0123768869557957,-0.0205558702813946,0.022197004894924,0.3,0.7,"[-0.0206, 0.0222]"
wine,MAR,random,0.1,5,1000x50,mean_pca,vbpca_vb_modern,rmse,20,0.0408681647934575,0.0401765455898597,0.0162519648225362,0.0097934627491768,0.061728705331681,0.0,1.0,"[0.0098, 0.0617]"
wine,MAR,random,0.1,5,1000x50,mice_pca,vbpca_vb_modern,rmse,20,0.0035715499637801,0.007825177803383,0.0173232037553048,-0.0306752368817629,0.0292218523663359,0.3,0.7,"[-0.0307, 0.0292]"
wine,MAR,random,0.1,5,1000x50,mean_pca,vbpca_vb_modern,wall_time_sec,20,-10.554146220900291,-12.02335559149833,1.799694718478987,-12.248151530898848,-8.26075634764975,1.0,0.0,"[-12.2482, -8.2608]"
wine,MAR,random,0.1,5,1000x50,mice_pca,vbpca_vb_modern,wall_time_sec,20,-10.4621167375999,-11.948051397999734,1.810458129871684,-12.171413216550354,-8.199779620624758,1.0,0.0,"[-12.1714, -8.1998]"
wine,MAR,random,0.3,5,1000x50,mean_pca,vbpca_vb_modern,mae,20,0.0709619812491809,0.0703926839341072,0.0225975178278934,0.0307919657069942,0.1131129341764615,0.0,1.0,"[0.0308, 0.1131]"
wine,MAR,random,0.3,5,1000x50,mice_pca,vbpca_vb_modern,mae,20,0.0691961868517081,0.0731544696212094,0.02195753522866,0.0278325369027852,0.100954992537437,0.0,1.0,"[0.0278, 0.1010]"
wine,MAR,random,0.3,5,1000x50,mean_pca,vbpca_vb_modern,rmse,20,0.0625398193232838,0.0628158042070508,0.0303515135244313,0.0090280164929732,0.1061879808717259,0.0,1.0,"[0.0090, 0.1062]"
wine,MAR,random,0.3,5,1000x50,mice_pca,vbpca_vb_modern,rmse,20,0.0953115823190536,0.1032556380847965,0.030263690116193,0.0340509863102416,0.1355813445965029,0.0,1.0,"[0.0341, 0.1356]"
wine,MAR,random,0.3,5,1000x50,mean_pca,vbpca_vb_modern,wall_time_sec,20,-9.093180411349568,-9.948589816000094,1.4077644450653537,-10.1172559748984,-6.741926909874474,1.0,0.0,"[-10.1173, -6.7419]"
wine,MAR,random,0.3,5,1000x50,mice_pca,vbpca_vb_modern,wall_time_sec,20,-8.496082767199368,-9.286531392997858,1.3992669386070105,-9.604433693975626,-6.17907806775047,1.0,0.0,"[-9.6044, -6.1791]"
wine,MAR,random,0.5,5,1000x50,mean_pca,vbpca_vb_modern,mae,20,0.0920617362655145,0.0932818073648689,0.0120592931966666,0.0679697769794253,0.1091265390073528,0.0,1.0,"[0.0680, 0.1091]"
wine,MAR,random,0.5,5,1000x50,mice_pca,vbpca_vb_modern,mae,20,0.0311916985399497,0.0317147122597219,0.0113430042426861,0.0078174315987845,0.0506855094093437,0.0,1.0,"[0.0078, 0.0507]"
wine,MAR,random,0.5,5,1000x50,mean_pca,vbpca_vb_modern,rmse,20,0.0876820901773813,0.0906526170404061,0.0147465337298455,0.0563760291358809,0.1078395033284446,0.0,1.0,"[0.0564, 0.1078]"
wine,MAR,random,0.5,5,1000x50,mice_pca,vbpca_vb_modern,rmse,20,0.0367496427724534,0.038564799252166,0.0152583461580894,0.0059921619752777,0.0578263494948198,0.05,0.95,"[0.0060, 0.0578]"
wine,MAR,random,0.5,5,1000x50,mean_pca,vbpca_vb_modern,wall_time_sec,20,-6.499983869600873,-5.957734366500517,1.1466795858021372,-7.774200415075666,-5.215891209050642,1.0,0.0,"[-7.7742, -5.2159]"
wine,MAR,random,0.5,5,1000x50,mice_pca,vbpca_vb_modern,wall_time_sec,20,-6.403540813450855,-5.860558678999951,1.169386349817876,-7.70565309585063,-4.99575391877479,1.0,0.0,"[-7.7057, -4.9958]"
wine,MCAR,block,0.1,5,1000x50,mean_pca,vbpca_vb_modern,mae,20,0.0509738720830627,0.0514174165078404,0.0278674967259313,0.0060684322011509,0.1030701291579063,0.05,0.95,"[0.0061, 0.1031]"
wine,MCAR,block,0.1,5,1000x50,mice_pca,vbpca_vb_modern,mae,20,0.0056709058092738,-0.0051786791074834,0.0331463099175728,-0.027868088289772,0.08201463151817,0.6,0.4,"[-0.0279, 0.0820]"
wine,MCAR,block,0.1,5,1000x50,mean_pca,vbpca_vb_modern,rmse,20,0.0517565870907595,0.0503978097587672,0.0327341848765062,0.000429447068339,0.1131961192585207,0.05,0.95,"[0.0004, 0.1132]"
wine,MCAR,block,0.1,5,1000x50,mice_pca,vbpca_vb_modern,rmse,20,0.0086416734170057,-0.0112734411512823,0.0541664014465639,-0.0423242141651495,0.1395264710014765,0.55,0.45,"[-0.0423, 0.1395]"
wine,MCAR,block,0.1,5,1000x50,mean_pca,vbpca_vb_modern,wall_time_sec,20,-11.237870861248666,-12.104429134500606,1.5586384297096227,-12.27530243547444,-8.388716887448936,1.0,0.0,"[-12.2753, -8.3887]"
wine,MCAR,block,0.1,5,1000x50,mice_pca,vbpca_vb_modern,wall_time_sec,20,-11.2165400915992,-12.077485850499215,1.5590309131295252,-12.256244736773168,-8.376746720176744,1.0,0.0,"[-12.2562, -8.3767]"
wine,MCAR,block,0.3,5,1000x50,mean_pca,vbpca_vb_modern,mae,20,-1.176836406102666e-15,0.0,5.262972404884219e-15,-1.2356782264077992e-14,0.0,0.05,0.0,"[-0.0000, 0.0000]"
wine,MCAR,block,0.3,5,1000x50,mice_pca,vbpca_vb_modern,mae,20,-1.176836406102666e-15,0.0,5.262972404884219e-15,-1.2356782264077992e-14,0.0,0.05,0.0,"[-0.0000, 0.0000]"
wine,MCAR,block,0.3,5,1000x50,mean_pca,vbpca_vb_modern,rmse,20,-6.550315845288424e-16,0.0,2.877553617358499e-15,-6.866729407306593e-15,0.0,0.1,0.0,"[-0.0000, 0.0000]"
wine,MCAR,block,0.3,5,1000x50,mice_pca,vbpca_vb_modern,rmse,20,-6.550315845288424e-16,0.0,2.877553617358499e-15,-6.866729407306593e-15,0.0,0.1,0.0,"[-0.0000, 0.0000]"
wine,MCAR,block,0.3,5,1000x50,mean_pca,vbpca_vb_modern,wall_time_sec,20,-9.019128733299658,-8.244191060002777,1.5623828177139636,-10.747648326174383,-7.253349688897652,1.0,0.0,"[-10.7476, -7.2533]"
wine,MCAR,block,0.3,5,1000x50,mice_pca,vbpca_vb_modern,wall_time_sec,20,-9.015944752349789,-8.240827432502556,1.5623166555148436,-10.74434532542573,-7.2503666045733555,1.0,0.0,"[-10.7443, -7.2504]"
wine,MCAR,block,0.5,5,1000x50,mean_pca,vbpca_vb_modern,mae,20,-1.1102230246251566e-17,0.0,8.749322662509188e-17,-2.220446049250313e-16,1.1657341758564112e-16,0.1,0.05,"[-0.0000, 0.0000]"
wine,MCAR,block,0.5,5,1000x50,mice_pca,vbpca_vb_modern,mae,20,-1.1102230246251566e-17,0.0,8.749322662509188e-17,-2.220446049250313e-16,1.1657341758564112e-16,0.1,0.05,"[-0.0000, 0.0000]"
wine,MCAR,block,0.5,5,1000x50,mean_pca,vbpca_vb_modern,rmse,20,-2.864375403532904e-15,0.0,1.2705735451619528e-14,-3.0053737276602986e-14,0.0,0.1,0.0,"[-0.0000, 0.0000]"
wine,MCAR,block,0.5,5,1000x50,mice_pca,vbpca_vb_modern,rmse,20,-2.864375403532904e-15,0.0,1.2705735451619528e-14,-3.0053737276602986e-14,0.0,0.1,0.0,"[-0.0000, 0.0000]"
wine,MCAR,block,0.5,5,1000x50,mean_pca,vbpca_vb_modern,wall_time_sec,20,-9.288108875299258,-10.550838598499467,1.5837603139918863,-10.810978405775131,-7.252150979348971,1.0,0.0,"[-10.8110, -7.2522]"
wine,MCAR,block,0.5,5,1000x50,mice_pca,vbpca_vb_modern,wall_time_sec,20,-9.285050220449556,-10.547810450498218,1.583798231944805,-10.808026073776274,-7.2492061377754,1.0,0.0,"[-10.8080, -7.2492]"
wine,MCAR,random,0.1,5,1000x50,mean_pca,vbpca_vb_modern,mae,20,0.0374070617996347,0.0342381607431495,0.0203439445394942,0.0093429780027275,0.0700804065069174,0.0,1.0,"[0.0093, 0.0701]"
wine,MCAR,random,0.1,5,1000x50,mice_pca,vbpca_vb_modern,mae,20,0.0059581430675356,0.0050680746732719,0.0140351302626553,-0.0196520707524034,0.0250182262197632,0.35,0.65,"[-0.0197, 0.0250]"
wine,MCAR,random,0.1,5,1000x50,mean_pca,vbpca_vb_modern,rmse,20,0.0340002091215014,0.0339079649856457,0.0192038863020698,-0.0016135962299029,0.0629879303272379,0.05,0.95,"[-0.0016, 0.0630]"
wine,MCAR,random,0.1,5,1000x50,mice_pca,vbpca_vb_modern,rmse,20,0.0066070537724645,0.0077708794661306,0.0169016902938907,-0.0218497351841196,0.0306191659897927,0.3,0.7,"[-0.0218, 0.0306]"
wine,MCAR,random,0.1,5,1000x50,mean_pca,vbpca_vb_modern,wall_time_sec,20,-10.68365609290031,-12.008892772000763,1.782936821800594,-12.262926779200644,-8.241708940301033,1.0,0.0,"[-12.2629, -8.2417]"
wine,MCAR,random,0.1,5,1000x50,mice_pca,vbpca_vb_modern,wall_time_sec,20,-10.610013478199471,-11.940005052500055,1.7788413163105354,-12.184053018350824,-8.168278115299472,1.0,0.0,"[-12.1841, -8.1683]"
wine,MCAR,random,0.3,5,1000x50,mean_pca,vbpca_vb_modern,mae,20,0.0616169749928308,0.0601197216050132,0.0139881824492187,0.0362314709315195,0.0817124142417429,0.0,1.0,"[0.0362, 0.0817]"
wine,MCAR,random,0.3,5,1000x50,mice_pca,vbpca_vb_modern,mae,20,0.0486053144431953,0.0480003102904832,0.0158901310677684,0.0254806410995356,0.0797299895674231,0.0,1.0,"[0.0255, 0.0797]"
wine,MCAR,random,0.3,5,1000x50,mean_pca,vbpca_vb_modern,rmse,20,0.0558309677104057,0.0555224798974915,0.0171624618016352,0.0218544979687851,0.0782485478490111,0.0,1.0,"[0.0219, 0.0782]"
wine,MCAR,random,0.3,5,1000x50,mice_pca,vbpca_vb_modern,rmse,20,0.0713305331377606,0.0707210193048599,0.0263544620381451,0.0297223678462617,0.118747156956627,0.0,1.0,"[0.0297, 0.1187]"
wine,MCAR,random,0.3,5,1000x50,mean_pca,vbpca_vb_modern,wall_time_sec,20,-8.609965612950328,-9.81264033950174,1.4955706152794928,-10.024490282123589,-6.72918128432666,1.0,0.0,"[-10.0245, -6.7292]"
wine,MCAR,random,0.3,5,1000x50,mice_pca,vbpca_vb_modern,wall_time_sec,20,-8.337334895399726,-9.39366156899814,1.5371582673652997,-9.885289939047832,-6.353903007649842,1.0,0.0,"[-9.8853, -6.3539]"
wine,MCAR,random,0.5,5,1000x50,mean_pca,vbpca_vb_modern,mae,20,0.0828488480948919,0.0842997678558104,0.010098412844585,0.0637563035941,0.0966099120310133,0.0,1.0,"[0.0638, 0.0966]"
wine,MCAR,random,0.5,5,1000x50,mice_pca,vbpca_vb_modern,mae,20,0.0322823237142583,0.0334882537713296,0.0122743422280542,0.011309415974978,0.0548266473007653,0.0,1.0,"[0.0113, 0.0548]"
wine,MCAR,random,0.5,5,1000x50,mean_pca,vbpca_vb_modern,rmse,20,0.0723494003807681,0.0754620346082782,0.0151600454614736,0.0436128284599387,0.0928728800191122,0.0,1.0,"[0.0436, 0.0929]"
wine,MCAR,random,0.5,5,1000x50,mice_pca,vbpca_vb_modern,rmse,20,0.037942395203107,0.0335102524887816,0.0181223184095051,0.0110880206236041,0.0668574582919524,0.0,1.0,"[0.0111, 0.0669]"
wine,MCAR,random,0.5,5,1000x50,mean_pca,vbpca_vb_modern,wall_time_sec,20,-6.534670278000158,-5.9781057965010405,1.1322891089950675,-7.767696489448099,-5.252068489649173,1.0,0.0,"[-7.7677, -5.2521]"
wine,MCAR,random,0.5,5,1000x50,mice_pca,vbpca_vb_modern,wall_time_sec,20,-6.471396938749967,-5.921531561001757,1.1267840667580458,-7.706498175725573,-5.196096711171959,1.0,0.0,"[-7.7065, -5.1961]"
