dataset,mechanism,pattern,missing_rate,n_components_requested,synthetic_shape,trace_k,rms_mean,rms_ci_low,rms_ci_high
diabetes,MAR,block,0.1,5,1000x50,1,0.7775934090676201,0.7667850231123896,0.7904815906321494
diabetes,MAR,block,0.1,5,1000x50,2,0.6897110833731115,0.6659010921897801,0.710460184015534
diabetes,MAR,block,0.1,5,1000x50,3,0.6039728678799035,0.5718475511307733,0.6239682021068605
diabetes,MAR,block,0.1,5,1000x50,4,0.5198155499215764,0.4851756304574698,0.5397641809896143
diabetes,MAR,block,0.1,5,1000x50,5,0.4536442546492693,0.41295433857919317,0.4804788067506435
diabetes,MAR,block,0.1,5,1000x50,6,0.36112725419509834,0.3102929228922796,0.39538975241399926
diabetes,MAR,block,0.1,5,1000x50,7,0.2259854255940787,0.17815102523256368,0.2623321545798086
diabetes,MAR,block,0.1,5,1000x50,8,0.10539726605432709,0.07618867889845703,0.1263985555309753
diabetes,MAR,block,0.1,5,1000x50,9,0.1013276752388624,0.053381716592723685,0.13343557359017635
diabetes,MAR,block,0.1,5,1000x50,10,0.0806592745852937,0.0519264598693707,0.10653863997093237
diabetes,MAR,block,0.3,5,1000x50,1,0.7659319162356532,0.7351863127878824,0.7980809498769833
diabetes,MAR,block,0.3,5,1000x50,2,0.672135528005998,0.6182808477811439,0.7172173290529458
diabetes,MAR,block,0.3,5,1000x50,3,0.583867082275653,0.5031974948645346,0.647093428159724
diabetes,MAR,block,0.3,5,1000x50,4,0.5048859123861515,0.42376756507941493,0.5793804403618865
diabetes,MAR,block,0.3,5,1000x50,5,0.4262613163820671,0.31808137774275,0.5323938544348812
diabetes,MAR,block,0.3,5,1000x50,6,0.29389445404081316,0.11416564283383034,0.473397227505481
diabetes,MAR,block,0.3,5,1000x50,7,0.13130763414465835,0.04438350654695073,0.31863323186378145
diabetes,MAR,block,0.3,5,1000x50,8,0.13128423807471185,0.040680229768985506,0.3250914507370844
diabetes,MAR,block,0.3,5,1000x50,9,0.04388454005144829,0.03793133827956458,0.07080692755152455
diabetes,MAR,block,0.3,5,1000x50,10,0.0451909727909396,0.04257108574507889,0.046483655928947085
diabetes,MAR,block,0.5,5,1000x50,1,0.7778442132799953,0.7477554649332439,0.8106761118497967
diabetes,MAR,block,0.5,5,1000x50,2,0.680739896307718,0.6263432345311373,0.7364265760230179
diabetes,MAR,block,0.5,5,1000x50,3,0.597244560890271,0.5217660957703826,0.6745391807734926
diabetes,MAR,block,0.5,5,1000x50,4,0.5086569540358633,0.41986436601574134,0.6180170329571506
diabetes,MAR,block,0.5,5,1000x50,5,0.42824002970931946,0.3068850721580601,0.5825180086925232
diabetes,MAR,block,0.5,5,1000x50,6,0.29501523457435996,0.11443229389709464,0.53229282321597
diabetes,MAR,block,0.5,5,1000x50,7,0.15818859314636682,0.044355763716091276,0.5189188487108514
diabetes,MAR,block,0.5,5,1000x50,8,0.14017567594085356,0.040724525755820126,0.5042365943701201
diabetes,MAR,block,0.5,5,1000x50,9,0.07696281495212694,0.03810151310801488,0.14368716127594816
diabetes,MAR,block,0.5,5,1000x50,10,0.05593792853605945,0.04258648551559896,0.1136774486287567
diabetes,MAR,random,0.1,5,1000x50,1,0.7758589977768258,0.77192227765113,0.7794653231550269
diabetes,MAR,random,0.1,5,1000x50,2,0.6879346729462924,0.6839565958968141,0.6916268460727472
diabetes,MAR,random,0.1,5,1000x50,3,0.6020561360416368,0.5970778637110458,0.6067323341436651
diabetes,MAR,random,0.1,5,1000x50,4,0.5178784879276892,0.5121660187494651,0.5219271233289753
diabetes,MAR,random,0.1,5,1000x50,5,0.4570026735818792,0.4493374521089742,0.4628160315046529
diabetes,MAR,random,0.1,5,1000x50,6,0.37411355217135,0.3594731774984402,0.38978968594166724
diabetes,MAR,random,0.1,5,1000x50,7,0.25733822357242697,0.24383878705385315,0.2677218981232321
diabetes,MAR,random,0.1,5,1000x50,8,0.10071819428708768,0.09608706945992532,0.10385400418554386
diabetes,MAR,random,0.1,5,1000x50,9,0.1012263155119451,0.09656128644679196,0.10437950499121997
diabetes,MAR,random,0.3,5,1000x50,1,0.7669465231269159,0.757432329906678,0.7734582168791355
diabetes,MAR,random,0.3,5,1000x50,2,0.676263794489451,0.6623909826441535,0.6821299802736013
diabetes,MAR,random,0.3,5,1000x50,3,0.5858228791537083,0.5736041265882809,0.5955554376490213
diabetes,MAR,random,0.3,5,1000x50,4,0.4989231898922986,0.48355115924021064,0.5123484014443507
diabetes,MAR,random,0.3,5,1000x50,5,0.4256273855918593,0.410956404513761,0.4505062719792572
diabetes,MAR,random,0.3,5,1000x50,6,0.3270470382318996,0.2988464932187946,0.35555920076125286
diabetes,MAR,random,0.3,5,1000x50,7,0.20319766642302967,0.1770030002820394,0.23604549570910427
diabetes,MAR,random,0.3,5,1000x50,8,0.09596631829329261,0.08582987823464812,0.10811213479175147
diabetes,MAR,random,0.3,5,1000x50,9,0.09810935808301521,0.08771831775835091,0.11037859712931461
diabetes,MAR,random,0.5,5,1000x50,1,0.7540217936701974,0.7409521544597644,0.7680060353036294
diabetes,MAR,random,0.5,5,1000x50,2,0.6594794095459827,0.6424692219924804,0.682616018748435
diabetes,MAR,random,0.5,5,1000x50,3,0.5600953177237933,0.5352905598451358,0.5841590766110184
diabetes,MAR,random,0.5,5,1000x50,4,0.47628592461705227,0.4566029238012519,0.4934310101637839
diabetes,MAR,random,0.5,5,1000x50,5,0.39401032440054795,0.35793939224018534,0.41269030900452586
diabetes,MAR,random,0.5,5,1000x50,6,0.29914752325337257,0.26854259642345785,0.32234463913951267
diabetes,MAR,random,0.5,5,1000x50,7,0.20775036740743708,0.16970924089573583,0.23287090955105177
diabetes,MAR,random,0.5,5,1000x50,8,0.15795795952523134,0.12590160861665095,0.19258087014114447
diabetes,MAR,random,0.5,5,1000x50,9,0.17257197302696328,0.13884333810195096,0.2130076419985249
diabetes,MCAR,block,0.1,5,1000x50,1,0.7794296569491684,0.7649559474497662,0.794373658031509
diabetes,MCAR,block,0.1,5,1000x50,2,0.6927667162492643,0.6648527765656701,0.7170985816216429
diabetes,MCAR,block,0.1,5,1000x50,3,0.6075459102087946,0.5670397438901169,0.6385972347349724
diabetes,MCAR,block,0.1,5,1000x50,4,0.522679676292305,0.4870497334400618,0.5575877010738333
diabetes,MCAR,block,0.1,5,1000x50,5,0.45824275868400194,0.41298780322423473,0.5052619163686111
diabetes,MCAR,block,0.1,5,1000x50,6,0.36606362803868714,0.30011986951654807,0.4299906981198498
diabetes,MCAR,block,0.1,5,1000x50,7,0.23266034823790252,0.16304482517611218,0.31803782028091765
diabetes,MCAR,block,0.1,5,1000x50,8,0.10124303754083948,0.07122607369321253,0.1170099707172364
diabetes,MCAR,block,0.1,5,1000x50,9,0.10244433600099559,0.06937084223132488,0.12828374846269694
diabetes,MCAR,block,0.1,5,1000x50,10,0.08977447815641064,0.07311508457359066,0.10719471006984112
diabetes,MCAR,block,0.3,5,1000x50,1,0.7776254199103725,0.7534679876659277,0.8101876957862566
diabetes,MCAR,block,0.3,5,1000x50,2,0.6760699108578445,0.6359952627117695,0.7343414628306045
diabetes,MCAR,block,0.3,5,1000x50,3,0.5828453192687209,0.5244262451549777,0.6702881543204082
diabetes,MCAR,block,0.3,5,1000x50,4,0.486618685224016,0.4209724379380743,0.6071442599320301
diabetes,MCAR,block,0.3,5,1000x50,5,0.3936246248825003,0.30572223680945904,0.5718415095563636
diabetes,MCAR,block,0.3,5,1000x50,6,0.24770984277287672,0.11420806672426694,0.5228135753492513
diabetes,MCAR,block,0.3,5,1000x50,7,0.12969806412834495,0.04616313912605983,0.4419811483030851
diabetes,MCAR,block,0.3,5,1000x50,8,0.12839735167280747,0.04233756781490648,0.44412007143470966
diabetes,MCAR,block,0.3,5,1000x50,9,0.07515380252779882,0.038942620513803074,0.11677845506267807
diabetes,MCAR,block,0.3,5,1000x50,10,0.058603177548827545,0.04319075624512037,0.11576118205033924
diabetes,MCAR,block,0.5,5,1000x50,1,0.7746103457764493,0.7450917464244531,0.804564701937717
diabetes,MCAR,block,0.5,5,1000x50,2,0.6804497120776931,0.6256350338805354,0.7169664605887911
diabetes,MCAR,block,0.5,5,1000x50,3,0.595529011874061,0.5150967645516308,0.6492521714916776
diabetes,MCAR,block,0.5,5,1000x50,4,0.5093513666773779,0.41742776987469,0.5795017818127431
diabetes,MCAR,block,0.5,5,1000x50,5,0.42920384121137517,0.30134574869499114,0.5264043497694413
diabetes,MCAR,block,0.5,5,1000x50,6,0.2949761644701963,0.11445208569803487,0.4400932566196387
diabetes,MCAR,block,0.5,5,1000x50,7,0.11717834986127976,0.04434930143302205,0.3039418704170962
diabetes,MCAR,block,0.5,5,1000x50,8,0.1164691667211184,0.04070910579108394,0.3061172349230449
diabetes,MCAR,block,0.5,5,1000x50,9,0.06974025996752645,0.03807458751110395,0.15478560804649066
diabetes,MCAR,block,0.5,5,1000x50,10,0.044370000391353574,0.04269218586142421,0.04811908665225064
diabetes,MCAR,random,0.1,5,1000x50,1,0.7779775484564608,0.7729300512919648,0.7833525451630303
diabetes,MCAR,random,0.1,5,1000x50,2,0.6896035784761697,0.6819326533191797,0.6949258370285178
diabetes,MCAR,random,0.1,5,1000x50,3,0.6034812083401286,0.5959811538256076,0.6107311268754202
diabetes,MCAR,random,0.1,5,1000x50,4,0.51916375103982,0.5101140794330822,0.5262709325195605
diabetes,MCAR,random,0.1,5,1000x50,5,0.45570699542245696,0.4466579137282728,0.46542217134271296
diabetes,MCAR,random,0.1,5,1000x50,6,0.37417741596972687,0.36510748992152847,0.37970999750952233
diabetes,MCAR,random,0.1,5,1000x50,7,0.2582890609970089,0.24893327887930225,0.26608086933414943
diabetes,MCAR,random,0.1,5,1000x50,8,0.10239089238306875,0.09925771443963252,0.10567172656335162
diabetes,MCAR,random,0.1,5,1000x50,9,0.10289175271240669,0.09971496741957066,0.10621906109064735
diabetes,MCAR,random,0.3,5,1000x50,1,0.769253140403148,0.7620491379278084,0.7833034483432282
diabetes,MCAR,random,0.3,5,1000x50,2,0.6818778341161563,0.6704547254203005,0.696786566208457
diabetes,MCAR,random,0.3,5,1000x50,3,0.5915144611139724,0.5746178334269207,0.6111215455449561
diabetes,MCAR,random,0.3,5,1000x50,4,0.498656728509565,0.4842151083347136,0.5168516024818847
diabetes,MCAR,random,0.3,5,1000x50,5,0.42510149870438463,0.40757729123859265,0.4414348678690062
diabetes,MCAR,random,0.3,5,1000x50,6,0.3289697694462671,0.30308115580417994,0.34499808034738927
diabetes,MCAR,random,0.3,5,1000x50,7,0.20737279596054484,0.18846725613138948,0.2309353568227826
diabetes,MCAR,random,0.3,5,1000x50,8,0.09917995778002385,0.08796287748270584,0.10839547808837594
diabetes,MCAR,random,0.3,5,1000x50,9,0.10174866689654598,0.09012616725248224,0.11159919710923667
diabetes,MCAR,random,0.5,5,1000x50,1,0.7596470893273088,0.7490785155794116,0.7751603396843508
diabetes,MCAR,random,0.5,5,1000x50,2,0.6700213887703443,0.657433878348283,0.6925059998524119
diabetes,MCAR,random,0.5,5,1000x50,3,0.5746641311096762,0.5553026440445769,0.6071063649648237
diabetes,MCAR,random,0.5,5,1000x50,4,0.4786952615780562,0.45236638134876334,0.5032296901111288
diabetes,MCAR,random,0.5,5,1000x50,5,0.39310065087711976,0.361903148649794,0.4178729851162518
diabetes,MCAR,random,0.5,5,1000x50,6,0.29910900181013955,0.2708807801154888,0.33399780272604834
diabetes,MCAR,random,0.5,5,1000x50,7,0.21435286149755822,0.17712911353826458,0.2632896181476651
diabetes,MCAR,random,0.5,5,1000x50,8,0.19180374923285942,0.15181080813439674,0.25132986517369604
diabetes,MCAR,random,0.5,5,1000x50,9,0.20783570668354598,0.16781792754749594,0.2759043726556197
synthetic,MAR,block,0.1,5,1000x50,1,0.8930039944275248,0.8753617609897457,0.9089658585819286
synthetic,MAR,block,0.1,5,1000x50,2,0.7913994242635332,0.7629406290985444,0.8178491932638732
synthetic,MAR,block,0.1,5,1000x50,3,0.6917217265821258,0.6650962377177589,0.7213955457398844
synthetic,MAR,block,0.1,5,1000x50,4,0.5909787983570386,0.5626431545779094,0.624012506044559
synthetic,MAR,block,0.1,5,1000x50,5,0.48624624889016343,0.45483973170886616,0.5259141369222404
synthetic,MAR,block,0.1,5,1000x50,6,0.3751681183017007,0.3478929557088769,0.4145460024074441
synthetic,MAR,block,0.1,5,1000x50,7,0.24709663126504844,0.22637253451576864,0.28760750412229297
synthetic,MAR,block,0.1,5,1000x50,8,0.056400933647475796,0.05192569090954973,0.059091474632202774
synthetic,MAR,block,0.1,5,1000x50,9,0.0527196234311146,0.04756553950657187,0.05565765556641206
synthetic,MAR,block,0.1,5,1000x50,10,0.05098057652490322,0.046288259288235954,0.05332369514664033
synthetic,MAR,block,0.1,5,1000x50,11,0.04958877410684777,0.045365558930599924,0.05189195338369263
synthetic,MAR,block,0.1,5,1000x50,12,0.04837862472610518,0.04449510769502958,0.050584491290722726
synthetic,MAR,block,0.1,5,1000x50,13,0.047284113983137956,0.04365532174740376,0.04952126115491815
synthetic,MAR,block,0.1,5,1000x50,14,0.046292340114306864,0.04285121297705169,0.04856019621418291
synthetic,MAR,block,0.1,5,1000x50,15,0.045357805718765645,0.04196981564787072,0.04772056758566947
synthetic,MAR,block,0.1,5,1000x50,16,0.044462060887158726,0.04123716956252344,0.04693620839223885
synthetic,MAR,block,0.1,5,1000x50,17,0.04363810650099567,0.040516598652580706,0.04618473175508136
synthetic,MAR,block,0.1,5,1000x50,18,0.0428149019635779,0.03982989117264934,0.04540476331656133
synthetic,MAR,block,0.1,5,1000x50,19,0.04204076852384192,0.03917117120262564,0.044720224618612886
synthetic,MAR,block,0.1,5,1000x50,20,0.041302998980765046,0.038562094533606935,0.044047184081151894
synthetic,MAR,block,0.1,5,1000x50,21,0.04069545870328963,0.03822258093257247,0.043321210734196855
synthetic,MAR,block,0.1,5,1000x50,22,0.040274907577165994,0.03838129686979595,0.04306676503793327
synthetic,MAR,block,0.1,5,1000x50,23,0.040319561021374246,0.038430831171257104,0.04287458612824394
synthetic,MAR,block,0.1,5,1000x50,24,0.040273143310652036,0.038188690827498185,0.04304662973525572
synthetic,MAR,block,0.1,5,1000x50,25,0.039983038720877155,0.0385899177054595,0.04247498117628662
synthetic,MAR,block,0.1,5,1000x50,26,0.0394358520670526,0.0394358520670526,0.0394358520670526
synthetic,MAR,block,0.3,5,1000x50,1,0.8875607514116061,0.8713969038165874,0.8957880199494241
synthetic,MAR,block,0.3,5,1000x50,2,0.7776326357130119,0.7551279299429282,0.7983566305057601
synthetic,MAR,block,0.3,5,1000x50,3,0.6717864743509037,0.6421045956945493,0.7016524180304364
synthetic,MAR,block,0.3,5,1000x50,4,0.5655084604509446,0.5383507512300457,0.6043472459407778
synthetic,MAR,block,0.3,5,1000x50,5,0.4617760561966427,0.43235452863943924,0.5043176337313903
synthetic,MAR,block,0.3,5,1000x50,6,0.3558925372445592,0.32712199267779735,0.3946750485055926
synthetic,MAR,block,0.3,5,1000x50,7,0.2335970965442967,0.1949549183668258,0.2700234148178883
synthetic,MAR,block,0.3,5,1000x50,8,0.05487783259162112,0.049360960928196154,0.06262761905724812
synthetic,MAR,block,0.3,5,1000x50,9,0.05278741321787702,0.04779305570968325,0.059393867409559424
synthetic,MAR,block,0.3,5,1000x50,10,0.05075273878291444,0.04619986200969887,0.05685117337748627
synthetic,MAR,block,0.3,5,1000x50,11,0.049069145049684286,0.044909355087042295,0.0547680737438471
synthetic,MAR,block,0.3,5,1000x50,12,0.04763743413941806,0.04369747637784593,0.05289896810119661
synthetic,MAR,block,0.3,5,1000x50,13,0.04643637060712118,0.04269974724315097,0.05131654702114653
synthetic,MAR,block,0.3,5,1000x50,14,0.04525891279852757,0.04176498954281929,0.04985314470871268
synthetic,MAR,block,0.3,5,1000x50,15,0.044182552336818295,0.04086024707660242,0.048529697241094134
synthetic,MAR,block,0.3,5,1000x50,16,0.043183282570331535,0.040151863660966326,0.04736083051334554
synthetic,MAR,block,0.3,5,1000x50,17,0.04219821129322825,0.03937108116883908,0.04619997302481936
synthetic,MAR,block,0.3,5,1000x50,18,0.0413461890923701,0.03865277721810243,0.0450943586628138
synthetic,MAR,block,0.3,5,1000x50,19,0.04060950415370527,0.037720092802719804,0.044131700630381514
synthetic,MAR,block,0.3,5,1000x50,20,0.04026941810903283,0.03728176507373309,0.044104780064186146
synthetic,MAR,block,0.3,5,1000x50,21,0.039647153111445725,0.03653143569248095,0.0428665913935403
synthetic,MAR,block,0.3,5,1000x50,22,0.03879595676724542,0.03631590059890032,0.041830180683805875
synthetic,MAR,block,0.3,5,1000x50,23,0.0384544690931352,0.03680997939221718,0.04169749370240971
synthetic,MAR,block,0.5,5,1000x50,1,0.8836177608893457,0.8609311131101972,0.9020677193916005
synthetic,MAR,block,0.5,5,1000x50,2,0.7732448464083465,0.7458393445162164,0.800192910780699
synthetic,MAR,block,0.5,5,1000x50,3,0.6703324235854764,0.6367779906327684,0.7056215114584405
synthetic,MAR,block,0.5,5,1000x50,4,0.5629628583345921,0.5283563954696698,0.6046085598967864
synthetic,MAR,block,0.5,5,1000x50,5,0.45219173695308346,0.4159067705409242,0.4922701227355614
synthetic,MAR,block,0.5,5,1000x50,6,0.3438788866704024,0.3108909958577621,0.38299485054111204
synthetic,MAR,block,0.5,5,1000x50,7,0.22587822587973255,0.18779104048889747,0.25989498508925374
synthetic,MAR,block,0.5,5,1000x50,8,0.05520838660306397,0.05084711040314654,0.059145861557963364
synthetic,MAR,block,0.5,5,1000x50,9,0.05312598110746579,0.04897338654032954,0.05726783639705546
synthetic,MAR,block,0.5,5,1000x50,10,0.05108374352291003,0.047520099528457496,0.05527517728489162
synthetic,MAR,block,0.5,5,1000x50,11,0.0493765416118703,0.046189880430661856,0.053277920314472864
synthetic,MAR,block,0.5,5,1000x50,12,0.047965316009104156,0.044900896518390326,0.051685125931490904
synthetic,MAR,block,0.5,5,1000x50,13,0.04684483621856507,0.04386769204103847,0.05041340278230312
synthetic,MAR,block,0.5,5,1000x50,14,0.04572944925034638,0.04290756522626893,0.04923530956381318
synthetic,MAR,block,0.5,5,1000x50,15,0.044715798607279526,0.04204879675291162,0.048122603409599216
synthetic,MAR,block,0.5,5,1000x50,16,0.04381642216813895,0.04112989968639003,0.04708575121822602
synthetic,MAR,block,0.5,5,1000x50,17,0.04290481726650129,0.040087563746595084,0.046009026246051424
synthetic,MAR,block,0.5,5,1000x50,18,0.04212275702954676,0.03928377720061469,0.04500875894525039
synthetic,MAR,block,0.5,5,1000x50,19,0.04155340504621617,0.038818306873659364,0.04411212742860957
synthetic,MAR,block,0.5,5,1000x50,20,0.04133702129569349,0.038866150889798494,0.04375637924614754
synthetic,MAR,block,0.5,5,1000x50,21,0.04124990179193338,0.03860650634650276,0.04346384381013524
synthetic,MAR,block,0.5,5,1000x50,22,0.041231109684625615,0.038625997809181856,0.04427333525704155
synthetic,MAR,block,0.5,5,1000x50,23,0.040078778994411,0.03834838012226883,0.042463527822986194
synthetic,MAR,block,0.5,5,1000x50,24,0.039792780036019104,0.039519825642924306,0.040065734429113896
synthetic,MAR,random,0.1,5,1000x50,1,0.8880469498683746,0.8694553694891334,0.8996276933904414
synthetic,MAR,random,0.1,5,1000x50,2,0.7831314409152329,0.7659000950477887,0.7974973635134627
synthetic,MAR,random,0.1,5,1000x50,3,0.6816605867287371,0.6600421507289078,0.694939635821865
synthetic,MAR,random,0.1,5,1000x50,4,0.579798719005271,0.5566530964064611,0.6007171085067011
synthetic,MAR,random,0.1,5,1000x50,5,0.4759755929266474,0.44160407163366305,0.5021300790082287
synthetic,MAR,random,0.1,5,1000x50,6,0.36277392827025196,0.33368125140158006,0.39091845453185137
synthetic,MAR,random,0.1,5,1000x50,7,0.23784072308877047,0.20812806747641663,0.2603052340648664
synthetic,MAR,random,0.1,5,1000x50,8,0.05448747333204388,0.05052735929575368,0.05894700537179429
synthetic,MAR,random,0.1,5,1000x50,9,0.05262887112861784,0.04909185469703393,0.0560176545399255
synthetic,MAR,random,0.1,5,1000x50,10,0.05121382972489421,0.04804786128825683,0.05463434522793656
synthetic,MAR,random,0.1,5,1000x50,11,0.04998101258175594,0.04704668120090386,0.0533091280911997
synthetic,MAR,random,0.1,5,1000x50,12,0.04885982950333103,0.046157200657437454,0.05206992262451817
synthetic,MAR,random,0.1,5,1000x50,13,0.047841963744677536,0.045334996065405635,0.05091546954124186
synthetic,MAR,random,0.1,5,1000x50,14,0.046890205949629137,0.04455840996077199,0.04981594616899041
synthetic,MAR,random,0.1,5,1000x50,15,0.04598941414557636,0.043789243153820316,0.04878412176526131
synthetic,MAR,random,0.1,5,1000x50,16,0.04513303938043875,0.04305540753072939,0.04772751534338072
synthetic,MAR,random,0.1,5,1000x50,17,0.044311242313432204,0.04235019732396829,0.046694791333724124
synthetic,MAR,random,0.1,5,1000x50,18,0.04350594323077323,0.04161346602906921,0.04574337334572393
synthetic,MAR,random,0.1,5,1000x50,19,0.04276703307813977,0.04090675387640624,0.044882373196915515
synthetic,MAR,random,0.1,5,1000x50,20,0.04203512666937485,0.04021263000024201,0.044040683366285506
synthetic,MAR,random,0.1,5,1000x50,21,0.04137596515128007,0.03957154033008429,0.043280921103537616
synthetic,MAR,random,0.1,5,1000x50,22,0.04086993511113077,0.03886771717146789,0.042819917851606284
synthetic,MAR,random,0.1,5,1000x50,23,0.04055104336328311,0.03847606730756347,0.04270821902315641
synthetic,MAR,random,0.1,5,1000x50,24,0.04040298034706764,0.038217471532178915,0.04251942406776838
synthetic,MAR,random,0.1,5,1000x50,25,0.04046431931965016,0.03776536474331842,0.04271144127951412
synthetic,MAR,random,0.1,5,1000x50,26,0.03949162606141137,0.03774100051556648,0.04105042892569942
synthetic,MAR,random,0.1,5,1000x50,27,0.0410625544787142,0.0410625544787142,0.0410625544787142
synthetic,MAR,random,0.1,5,1000x50,28,0.0411415925110504,0.0411415925110504,0.0411415925110504
synthetic,MAR,random,0.3,5,1000x50,1,0.8908395453604785,0.8748515600239235,0.9031076488555291
synthetic,MAR,random,0.3,5,1000x50,2,0.7855596369041676,0.7572839044607947,0.801602275876933
synthetic,MAR,random,0.3,5,1000x50,3,0.6802634286725625,0.6510170539448453,0.6976906296124319
synthetic,MAR,random,0.3,5,1000x50,4,0.5767708212236713,0.5436227053947155,0.5971494616108235
synthetic,MAR,random,0.3,5,1000x50,5,0.47120360532175115,0.4312512144449499,0.49583565757615267
synthetic,MAR,random,0.3,5,1000x50,6,0.36086102438630385,0.3219564867763458,0.39451871898430696
synthetic,MAR,random,0.3,5,1000x50,7,0.23608042068823704,0.20127002691313792,0.27038714246372203
synthetic,MAR,random,0.3,5,1000x50,8,0.05451664364586334,0.04871872807198234,0.05933960625622129
synthetic,MAR,random,0.3,5,1000x50,9,0.05215208634770885,0.047232447439923955,0.056546321820790724
synthetic,MAR,random,0.3,5,1000x50,10,0.050330538836709404,0.04587992717843048,0.05427326381815723
synthetic,MAR,random,0.3,5,1000x50,11,0.04884293279589254,0.04485514860817906,0.05245413256331843
synthetic,MAR,random,0.3,5,1000x50,12,0.04746199599576971,0.04382543986356967,0.05080123987997461
synthetic,MAR,random,0.3,5,1000x50,13,0.0462673625205463,0.042765225108589384,0.0493941881056629
synthetic,MAR,random,0.3,5,1000x50,14,0.045155361723444545,0.041733564672016846,0.04806188925138519
synthetic,MAR,random,0.3,5,1000x50,15,0.04411205432112862,0.04072896489690878,0.04696228796293698
synthetic,MAR,random,0.3,5,1000x50,16,0.04312855508708506,0.03983523420016704,0.04582739351227947
synthetic,MAR,random,0.3,5,1000x50,17,0.04217511776610444,0.03890288032343605,0.04477076457837172
synthetic,MAR,random,0.3,5,1000x50,18,0.04127313516886499,0.03809225488766684,0.04381370643469463
synthetic,MAR,random,0.3,5,1000x50,19,0.0404697972949247,0.03729781890732807,0.042929524154304725
synthetic,MAR,random,0.3,5,1000x50,20,0.03968555537463776,0.036493580312367,0.0420654061848679
synthetic,MAR,random,0.3,5,1000x50,21,0.038987641326786546,0.03581556000210907,0.04132615500975198
synthetic,MAR,random,0.3,5,1000x50,22,0.038471864289501674,0.035103947646286666,0.040638079414290894
synthetic,MAR,random,0.3,5,1000x50,23,0.03823222943160433,0.034807686434035826,0.040479139012173315
synthetic,MAR,random,0.3,5,1000x50,24,0.037804985013736817,0.0344359578135175,0.03991993298405157
synthetic,MAR,random,0.3,5,1000x50,25,0.03743865604243557,0.0343210916417729,0.03915709812005935
synthetic,MAR,random,0.3,5,1000x50,26,0.03721012390665132,0.03535231373718611,0.038778318885854764
synthetic,MAR,random,0.3,5,1000x50,27,0.0381035795124451,0.0381035795124451,0.0381035795124451
synthetic,MAR,random,0.5,5,1000x50,1,0.8839797550026031,0.8729301315308918,0.8950700896560861
synthetic,MAR,random,0.5,5,1000x50,2,0.7761217279262659,0.7533564043940656,0.7936329317310856
synthetic,MAR,random,0.5,5,1000x50,3,0.6713806103808083,0.6514038641188504,0.6996379014260877
synthetic,MAR,random,0.5,5,1000x50,4,0.5622835474623326,0.5354687934358046,0.5989540567541202
synthetic,MAR,random,0.5,5,1000x50,5,0.4564751585468197,0.43116002807813925,0.4945906059077896
synthetic,MAR,random,0.5,5,1000x50,6,0.3461082278271194,0.32688687279122824,0.37629272253697155
synthetic,MAR,random,0.5,5,1000x50,7,0.2261872036082893,0.20362304498879974,0.2516734310844634
synthetic,MAR,random,0.5,5,1000x50,8,0.05125109112648887,0.04881304386065456,0.054419395780945984
synthetic,MAR,random,0.5,5,1000x50,9,0.04783049773099163,0.045269307929400766,0.05078955650117684
synthetic,MAR,random,0.5,5,1000x50,10,0.04546224547751435,0.04306016083968978,0.04782140282765505
synthetic,MAR,random,0.5,5,1000x50,11,0.043664361404711693,0.04138949026664992,0.0458042968001476
synthetic,MAR,random,0.5,5,1000x50,12,0.042164175251850775,0.04003614751404265,0.0442433516651982
synthetic,MAR,random,0.5,5,1000x50,13,0.040861064739073104,0.03891649297268601,0.042784053397289704
synthetic,MAR,random,0.5,5,1000x50,14,0.03965963045289768,0.03776605993305687,0.041516920884588915
synthetic,MAR,random,0.5,5,1000x50,15,0.03858330892919942,0.03673926528475141,0.04037016332443193
synthetic,MAR,random,0.5,5,1000x50,16,0.03756632758501599,0.035730047000290546,0.039354827856133735
synthetic,MAR,random,0.5,5,1000x50,17,0.03661204645150136,0.03479170951829051,0.03830473405510605
synthetic,MAR,random,0.5,5,1000x50,18,0.03577266869219066,0.03390327528210854,0.03747009357582729
synthetic,MAR,random,0.5,5,1000x50,19,0.03508549849471211,0.03314638147753101,0.036784378864987234
synthetic,MAR,random,0.5,5,1000x50,20,0.03456730202597943,0.032571025887480246,0.036358809770367616
synthetic,MAR,random,0.5,5,1000x50,21,0.03441285697689119,0.03230057716325418,0.03630939237948594
synthetic,MAR,random,0.5,5,1000x50,22,0.033983429675199975,0.0319466587120171,0.0359514576079916
synthetic,MAR,random,0.5,5,1000x50,23,0.03398690355016317,0.03203061561514788,0.03636428096374578
synthetic,MAR,random,0.5,5,1000x50,24,0.0339267841201515,0.032697738545192326,0.03482369700219629
synthetic,MCAR,block,0.1,5,1000x50,1,0.8949967781188036,0.8814334517046681,0.9093021289049817
synthetic,MCAR,block,0.1,5,1000x50,2,0.7908512061327907,0.766580906342587,0.8155179598315525
synthetic,MCAR,block,0.1,5,1000x50,3,0.6874053554786617,0.6586066132026906,0.718471404964151
synthetic,MCAR,block,0.1,5,1000x50,4,0.5858297636433758,0.5534282767371573,0.620388025365553
synthetic,MCAR,block,0.1,5,1000x50,5,0.4831382653273623,0.44706121396168974,0.5160670502307522
synthetic,MCAR,block,0.1,5,1000x50,6,0.3735900445485786,0.3394248520937462,0.4014936531755956
synthetic,MCAR,block,0.1,5,1000x50,7,0.2492905428230053,0.21887813052570992,0.27371374545811816
synthetic,MCAR,block,0.1,5,1000x50,8,0.05616465327206318,0.0520692582561276,0.059014788637082094
synthetic,MCAR,block,0.1,5,1000x50,9,0.05420928233373763,0.05057052592780608,0.056490707506159886
synthetic,MCAR,block,0.1,5,1000x50,10,0.05231650228312142,0.04895738133150994,0.05452283209640571
synthetic,MCAR,block,0.1,5,1000x50,11,0.050832202859760436,0.04728851265677612,0.05286064644087647
synthetic,MCAR,block,0.1,5,1000x50,12,0.04954036572866849,0.04600051727492061,0.05152246537781701
synthetic,MCAR,block,0.1,5,1000x50,13,0.04840415793217354,0.04484215092638367,0.050258093737059244
synthetic,MCAR,block,0.1,5,1000x50,14,0.047374502525930604,0.04375825073407553,0.049305018718121596
synthetic,MCAR,block,0.1,5,1000x50,15,0.046382356149999616,0.04287658857351644,0.04833541713281307
synthetic,MCAR,block,0.1,5,1000x50,16,0.045461389994818344,0.042081289633142574,0.04744055445198871
synthetic,MCAR,block,0.1,5,1000x50,17,0.044588218814849326,0.0412701966451107,0.046594636138792285
synthetic,MCAR,block,0.1,5,1000x50,18,0.04376819879609198,0.040548395758738025,0.045793873361898295
synthetic,MCAR,block,0.1,5,1000x50,19,0.042980583200513414,0.03981913432493386,0.044912449771678166
synthetic,MCAR,block,0.1,5,1000x50,20,0.04225611615882556,0.03930328914660251,0.04420870631061617
synthetic,MCAR,block,0.1,5,1000x50,21,0.041644141329198706,0.038811872004896705,0.043724399275068195
synthetic,MCAR,block,0.1,5,1000x50,22,0.04129311804376942,0.03870757493824148,0.04335125487258582
synthetic,MCAR,block,0.1,5,1000x50,23,0.041281840295490695,0.03853230531224253,0.04324187474994364
synthetic,MCAR,block,0.1,5,1000x50,24,0.041118723922394136,0.03795340205116938,0.04333250794713578
synthetic,MCAR,block,0.1,5,1000x50,25,0.040620910733370284,0.03779060659318663,0.04248300645142869
synthetic,MCAR,block,0.1,5,1000x50,26,0.042076605657545764,0.041532444740395115,0.04280586946676695
synthetic,MCAR,block,0.1,5,1000x50,27,0.0415189646805588,0.0415189646805588,0.0415189646805588
synthetic,MCAR,block,0.3,5,1000x50,1,0.8878229113911369,0.877767757670019,0.9007801807856486
synthetic,MCAR,block,0.3,5,1000x50,2,0.7805400168206804,0.7608419534163554,0.8043457175620531
synthetic,MCAR,block,0.3,5,1000x50,3,0.6730606537482776,0.6463935035727556,0.7031546027399173
synthetic,MCAR,block,0.3,5,1000x50,4,0.5682155419674063,0.538541208070112,0.6001042919809497
synthetic,MCAR,block,0.3,5,1000x50,5,0.4635650380220647,0.43407074876015195,0.49607430009187586
synthetic,MCAR,block,0.3,5,1000x50,6,0.3546973969683933,0.3220411014553937,0.38395281878339627
synthetic,MCAR,block,0.3,5,1000x50,7,0.23443747191038847,0.20116030489441744,0.26821677992727555
synthetic,MCAR,block,0.3,5,1000x50,8,0.05583185951959559,0.04972434935722385,0.06120124987919808
synthetic,MCAR,block,0.3,5,1000x50,9,0.0533611481991217,0.04798975544791112,0.059180811582090695
synthetic,MCAR,block,0.3,5,1000x50,10,0.05124753996978447,0.04607408022261454,0.05744112259375759
synthetic,MCAR,block,0.3,5,1000x50,11,0.04962213759729446,0.04488831175431331,0.05589354767192561
synthetic,MCAR,block,0.3,5,1000x50,12,0.04817108511608693,0.04383991544711726,0.0537813297048164
synthetic,MCAR,block,0.3,5,1000x50,13,0.046974422987597735,0.04269560642518459,0.05247780057358203
synthetic,MCAR,block,0.3,5,1000x50,14,0.04571855998490668,0.04166131142772626,0.05033837359316556
synthetic,MCAR,block,0.3,5,1000x50,15,0.04475854071982263,0.04075311453341455,0.04906914461714472
synthetic,MCAR,block,0.3,5,1000x50,16,0.043759082810399384,0.03992237029824242,0.04763752376880911
synthetic,MCAR,block,0.3,5,1000x50,17,0.04276863410931449,0.03912668302892238,0.046334138145238096
synthetic,MCAR,block,0.3,5,1000x50,18,0.0419036849284644,0.038311539903610206,0.04528065473001813
synthetic,MCAR,block,0.3,5,1000x50,19,0.04113975019272207,0.03770908405061501,0.04455454953611337
synthetic,MCAR,block,0.3,5,1000x50,20,0.04076369470293776,0.03689769680686557,0.043843491167133326
synthetic,MCAR,block,0.3,5,1000x50,21,0.040761690084898515,0.03648750936187594,0.04418337994404104
synthetic,MCAR,block,0.3,5,1000x50,22,0.040657098664364254,0.036836159214323635,0.0421451330558234
synthetic,MCAR,block,0.3,5,1000x50,23,0.04220157738748935,0.04143962232287178,0.04311532705631353
synthetic,MCAR,block,0.5,5,1000x50,1,0.8882504491002357,0.8692394998468108,0.9025862560624024
synthetic,MCAR,block,0.5,5,1000x50,2,0.7803774703750161,0.7587605453825329,0.80105438686814
synthetic,MCAR,block,0.5,5,1000x50,3,0.6758728433227389,0.6534285047599144,0.7054237811812764
synthetic,MCAR,block,0.5,5,1000x50,4,0.5699974471808074,0.5437624998748768,0.6048226187073248
synthetic,MCAR,block,0.5,5,1000x50,5,0.46530862304255394,0.4300346032800195,0.503780094260571
synthetic,MCAR,block,0.5,5,1000x50,6,0.35695082678804524,0.321575371862591,0.3881608057167037
synthetic,MCAR,block,0.5,5,1000x50,7,0.2334107864115155,0.20481239414004018,0.25668454679372926
synthetic,MCAR,block,0.5,5,1000x50,8,0.05458985003132714,0.04897421294351633,0.06226472576522938
synthetic,MCAR,block,0.5,5,1000x50,9,0.05210102638308436,0.047342129878336615,0.05789096589849733
synthetic,MCAR,block,0.5,5,1000x50,10,0.049888255957050806,0.0456009039608853,0.054472163548470974
synthetic,MCAR,block,0.5,5,1000x50,11,0.048197818291752244,0.04448149941106373,0.05226697938413197
synthetic,MCAR,block,0.5,5,1000x50,12,0.046927766118872824,0.04351848968783375,0.050893652836108666
synthetic,MCAR,block,0.5,5,1000x50,13,0.04576802111778156,0.04267163163353512,0.04953726918040868
synthetic,MCAR,block,0.5,5,1000x50,14,0.04468625937405159,0.041711896044403514,0.04831620081628509
synthetic,MCAR,block,0.5,5,1000x50,15,0.04368729069423458,0.040768971674472014,0.047275849568269544
synthetic,MCAR,block,0.5,5,1000x50,16,0.04272281619624364,0.040037329790856786,0.046117259697246546
synthetic,MCAR,block,0.5,5,1000x50,17,0.04175773411105264,0.039283986484700065,0.04517038811421326
synthetic,MCAR,block,0.5,5,1000x50,18,0.040960211436128324,0.03906787379006985,0.04431091256293552
synthetic,MCAR,block,0.5,5,1000x50,19,0.040251308079420456,0.038475325222623986,0.043464161737056896
synthetic,MCAR,block,0.5,5,1000x50,20,0.039886403470962256,0.03810190589233231,0.04280181215643037
synthetic,MCAR,block,0.5,5,1000x50,21,0.03944461904752775,0.0373156256269261,0.0429662057902191
synthetic,MCAR,block,0.5,5,1000x50,22,0.03883092204203532,0.037575007100381,0.040645212043471074
synthetic,MCAR,block,0.5,5,1000x50,23,0.03930426629905082,0.03821605422826123,0.04000981734256541
synthetic,MCAR,random,0.1,5,1000x50,1,0.8916246144703249,0.8758115202042485,0.906429109532858
synthetic,MCAR,random,0.1,5,1000x50,2,0.7908505880046146,0.7646494869808927,0.8086715443225888
synthetic,MCAR,random,0.1,5,1000x50,3,0.6871398257547204,0.6648108729265384,0.7072874970094878
synthetic,MCAR,random,0.1,5,1000x50,4,0.5820741681097037,0.5567239172850135,0.6068206007423252
synthetic,MCAR,random,0.1,5,1000x50,5,0.47539595610235813,0.4426039465995601,0.5053945088088994
synthetic,MCAR,random,0.1,5,1000x50,6,0.3644571012655889,0.318507810404243,0.39762008689163286
synthetic,MCAR,random,0.1,5,1000x50,7,0.239730437019925,0.19367380150136046,0.27702122931328355
synthetic,MCAR,random,0.1,5,1000x50,8,0.05641455858324838,0.05079989763585051,0.06241640673965457
synthetic,MCAR,random,0.1,5,1000x50,9,0.05364712548890466,0.049537462073704,0.059802792928833975
synthetic,MCAR,random,0.1,5,1000x50,10,0.05200755141721153,0.048371347289848474,0.05766177895288024
synthetic,MCAR,random,0.1,5,1000x50,11,0.0506095563691088,0.04705103074438689,0.055616629029316994
synthetic,MCAR,random,0.1,5,1000x50,12,0.04937330107443631,0.04585294430052184,0.05390222425930789
synthetic,MCAR,random,0.1,5,1000x50,13,0.04822435122585871,0.044639890057773614,0.05251809998114889
synthetic,MCAR,random,0.1,5,1000x50,14,0.04715138773696421,0.043547324808741406,0.051301877263455
synthetic,MCAR,random,0.1,5,1000x50,15,0.04613639476217147,0.04251484040981659,0.05021017261797747
synthetic,MCAR,random,0.1,5,1000x50,16,0.04520343136373547,0.04153588388050703,0.049229639592298445
synthetic,MCAR,random,0.1,5,1000x50,17,0.04430127428176575,0.040577251055857334,0.04834254559844421
synthetic,MCAR,random,0.1,5,1000x50,18,0.04345484731683479,0.03970962350225864,0.04749643899320413
synthetic,MCAR,random,0.1,5,1000x50,19,0.04266365363238197,0.03891648212793644,0.04662024713066746
synthetic,MCAR,random,0.1,5,1000x50,20,0.04190252936059292,0.03815602716604887,0.04574263899645731
synthetic,MCAR,random,0.1,5,1000x50,21,0.04119625055853217,0.0374230016132361,0.044905582534147066
synthetic,MCAR,random,0.1,5,1000x50,22,0.04062322089562916,0.03677825173119688,0.044134497731836156
synthetic,MCAR,random,0.1,5,1000x50,23,0.04026756454128753,0.03628528243711634,0.04370490307641341
synthetic,MCAR,random,0.1,5,1000x50,24,0.03996298642148725,0.0360047787171117,0.04290670914267924
synthetic,MCAR,random,0.1,5,1000x50,25,0.040030902258030555,0.0353553969215896,0.04287855724671573
synthetic,MCAR,random,0.1,5,1000x50,26,0.039111600416714874,0.03502116634458223,0.04271988319755804
synthetic,MCAR,random,0.1,5,1000x50,27,0.0406128171136072,0.03690595229758444,0.04270593884153722
synthetic,MCAR,random,0.1,5,1000x50,28,0.0430085725089528,0.0430085725089528,0.0430085725089528
synthetic,MCAR,random,0.3,5,1000x50,1,0.8883887268123246,0.8724002582798186,0.9012015306371869
synthetic,MCAR,random,0.3,5,1000x50,2,0.7820442424284468,0.7567108201454474,0.7994485975642383
synthetic,MCAR,random,0.3,5,1000x50,3,0.6781092324759618,0.6479506334882871,0.7042629340735455
synthetic,MCAR,random,0.3,5,1000x50,4,0.5760784083919279,0.5443868637448689,0.6049220819270987
synthetic,MCAR,random,0.3,5,1000x50,5,0.4727584924843321,0.4422615229950985,0.500031212309736
synthetic,MCAR,random,0.3,5,1000x50,6,0.3658481096139266,0.3405368103282965,0.3955472080145645
synthetic,MCAR,random,0.3,5,1000x50,7,0.2462638108891939,0.21698057867767553,0.27006834912448163
synthetic,MCAR,random,0.3,5,1000x50,8,0.053614364945104374,0.049521994177500334,0.059015082940706995
synthetic,MCAR,random,0.3,5,1000x50,9,0.05069943986050832,0.04730682893615805,0.05448437276078133
synthetic,MCAR,random,0.3,5,1000x50,10,0.0489375484038197,0.04568182520676917,0.05266753623746058
synthetic,MCAR,random,0.3,5,1000x50,11,0.047430427336592626,0.04446360246676518,0.051083341412340826
synthetic,MCAR,random,0.3,5,1000x50,12,0.0461187784411984,0.04341680524580166,0.049666687479786545
synthetic,MCAR,random,0.3,5,1000x50,13,0.04495904789476649,0.04246998202400447,0.04850487558256539
synthetic,MCAR,random,0.3,5,1000x50,14,0.04387115922232933,0.041479016195027675,0.047307862079466544
synthetic,MCAR,random,0.3,5,1000x50,15,0.04287095434952824,0.04057961090467908,0.04627617749664023
synthetic,MCAR,random,0.3,5,1000x50,16,0.04188554017061458,0.03966991160961595,0.04517673617503395
synthetic,MCAR,random,0.3,5,1000x50,17,0.04100189192569138,0.03882905817378663,0.044214004537017855
synthetic,MCAR,random,0.3,5,1000x50,18,0.04012393699456658,0.038050440974285185,0.04318442678559741
synthetic,MCAR,random,0.3,5,1000x50,19,0.03934225921657178,0.03729841658179564,0.042291161187375095
synthetic,MCAR,random,0.3,5,1000x50,20,0.038619948792572786,0.03674793108797999,0.041431936306777176
synthetic,MCAR,random,0.3,5,1000x50,21,0.037987707437432176,0.03596484647553981,0.04069049384498075
synthetic,MCAR,random,0.3,5,1000x50,22,0.03751286143334459,0.035556540716454935,0.04003618457739511
synthetic,MCAR,random,0.3,5,1000x50,23,0.037343668906467196,0.035522196443213014,0.039915796679161106
synthetic,MCAR,random,0.3,5,1000x50,24,0.03736473341237486,0.03547861409653889,0.04004640529341909
synthetic,MCAR,random,0.3,5,1000x50,25,0.03760982777244622,0.03566089746352358,0.039181125982405716
synthetic,MCAR,random,0.3,5,1000x50,26,0.0386768956115357,0.0386768956115357,0.0386768956115357
synthetic,MCAR,random,0.5,5,1000x50,1,0.887757433540029,0.873297293199581,0.8994346349668326
synthetic,MCAR,random,0.5,5,1000x50,2,0.7803388011481311,0.7520218651200533,0.798464352317338
synthetic,MCAR,random,0.5,5,1000x50,3,0.6738146140488303,0.6335843762060894,0.6980133555538611
synthetic,MCAR,random,0.5,5,1000x50,4,0.570278633416812,0.5336043588871863,0.5943797166226354
synthetic,MCAR,random,0.5,5,1000x50,5,0.4646985120908246,0.42893110566080583,0.4931980255681625
synthetic,MCAR,random,0.5,5,1000x50,6,0.3551593701198951,0.32096217227900914,0.37961502071147124
synthetic,MCAR,random,0.5,5,1000x50,7,0.23520142683277112,0.2014456545834083,0.2628356233702966
synthetic,MCAR,random,0.5,5,1000x50,8,0.0520747859470876,0.04791118246355363,0.05695468457759419
synthetic,MCAR,random,0.5,5,1000x50,9,0.0482135777858957,0.04477150353139892,0.051281650819072135
synthetic,MCAR,random,0.5,5,1000x50,10,0.04555781839247611,0.04260096976749838,0.04863257392280888
synthetic,MCAR,random,0.5,5,1000x50,11,0.043625229309986566,0.04079869534118714,0.04706529175561702
synthetic,MCAR,random,0.5,5,1000x50,12,0.04202973555894991,0.03924483626253626,0.04565840280548372
synthetic,MCAR,random,0.5,5,1000x50,13,0.04069357713402447,0.03796449838560649,0.044335589330482414
synthetic,MCAR,random,0.5,5,1000x50,14,0.039432955582897646,0.03681406246497702,0.043057199207918694
synthetic,MCAR,random,0.5,5,1000x50,15,0.03828601268656565,0.03571532510895889,0.041915843768990664
synthetic,MCAR,random,0.5,5,1000x50,16,0.03727132525705402,0.03463423428593005,0.04094381058880705
synthetic,MCAR,random,0.5,5,1000x50,17,0.036410789226554545,0.033853954052536495,0.039947454476641234
synthetic,MCAR,random,0.5,5,1000x50,18,0.03576330443101487,0.03315813802449861,0.039416696975995515
synthetic,MCAR,random,0.5,5,1000x50,19,0.035272866305826,0.032538284636842545,0.03889475023363065
synthetic,MCAR,random,0.5,5,1000x50,20,0.03499829637343206,0.032184760033453684,0.03893187227121389
synthetic,MCAR,random,0.5,5,1000x50,21,0.03428855763314532,0.03204001468544706,0.03763928736687972
synthetic,MCAR,random,0.5,5,1000x50,22,0.033664555497935685,0.03200999395568431,0.03537823235783628
synthetic,MCAR,random,0.5,5,1000x50,23,0.0337078802746182,0.03217733989998373,0.03555311537134593
wine,MAR,block,0.1,5,1000x50,1,0.8007597268307801,0.7857851650535633,0.8138965961950949
wine,MAR,block,0.1,5,1000x50,2,0.6719130370536792,0.6524957193884622,0.6886031740602966
wine,MAR,block,0.1,5,1000x50,3,0.5857512218931709,0.5626074832203969,0.6043809962495833
wine,MAR,block,0.1,5,1000x50,4,0.5263675284171482,0.5021754134503171,0.5472839782262665
wine,MAR,block,0.1,5,1000x50,5,0.46439495754928845,0.4435868447203992,0.4811574444195464
wine,MAR,block,0.1,5,1000x50,6,0.4091006764559661,0.3942016694131155,0.4288171940323033
wine,MAR,block,0.1,5,1000x50,7,0.3652491866700992,0.35670681161012013,0.3804089451733691
wine,MAR,block,0.1,5,1000x50,8,0.3376991754318531,0.3205788730103573,0.36051287979669033
wine,MAR,block,0.1,5,1000x50,9,0.32999352379913643,0.30030552657183907,0.36338859560935066
wine,MAR,block,0.1,5,1000x50,10,0.32924788624947443,0.30501873617296843,0.3459695512850699
wine,MAR,block,0.3,5,1000x50,1,0.8088238223786964,0.748751274042775,0.8553757897765838
wine,MAR,block,0.3,5,1000x50,2,0.6777812250321638,0.6389525836346931,0.7092256994240629
wine,MAR,block,0.3,5,1000x50,3,0.5903852130103622,0.5544369442349518,0.6187808495061063
wine,MAR,block,0.3,5,1000x50,4,0.5261303490779257,0.48553028465214615,0.5654730341037592
wine,MAR,block,0.3,5,1000x50,5,0.4563134770262468,0.4127289529371418,0.5045178003462658
wine,MAR,block,0.3,5,1000x50,6,0.39680330355590065,0.36525294467789526,0.44680311087712943
wine,MAR,block,0.3,5,1000x50,7,0.3619906489963169,0.3228036904514862,0.3882139535872229
wine,MAR,block,0.3,5,1000x50,8,0.35977892825834884,0.31046759969419196,0.38900835125900113
wine,MAR,block,0.3,5,1000x50,9,0.3389423806306145,0.3103435268269354,0.38282032791750287
wine,MAR,block,0.5,5,1000x50,1,0.8049975326339058,0.7520066816720112,0.8339103702840472
wine,MAR,block,0.5,5,1000x50,2,0.6704596533641901,0.638654176451406,0.7021321494298007
wine,MAR,block,0.5,5,1000x50,3,0.5829463667699634,0.5476100421409728,0.6140651823967389
wine,MAR,block,0.5,5,1000x50,4,0.5162184966132977,0.4726451115587962,0.5521074179120313
wine,MAR,block,0.5,5,1000x50,5,0.44804038166203375,0.40317130903981935,0.48914792006663416
wine,MAR,block,0.5,5,1000x50,6,0.38898672262701994,0.3521500604283559,0.43859010102476004
wine,MAR,block,0.5,5,1000x50,7,0.3549251489780267,0.3100189168739646,0.3990267991629103
wine,MAR,block,0.5,5,1000x50,8,0.3450678528412341,0.2995086434887719,0.39500188167768496
wine,MAR,block,0.5,5,1000x50,9,0.34108232768245483,0.31277652158401104,0.3866023720820668
wine,MAR,random,0.1,5,1000x50,1,0.8013226563332347,0.7949312967277822,0.8086162710707615
wine,MAR,random,0.1,5,1000x50,2,0.6730236399222311,0.6652583365474981,0.6798817760801795
wine,MAR,random,0.1,5,1000x50,3,0.5908806784818523,0.5822823032128623,0.5979481397830311
wine,MAR,random,0.1,5,1000x50,4,0.5333434336693128,0.5235554326143799,0.5392232406478545
wine,MAR,random,0.1,5,1000x50,5,0.4683232430430727,0.4603593676041963,0.47688279918725046
wine,MAR,random,0.1,5,1000x50,6,0.41490928158033763,0.4075627784915994,0.42318562492649736
wine,MAR,random,0.1,5,1000x50,7,0.36602807421548933,0.35557929219506695,0.3801459784492798
wine,MAR,random,0.1,5,1000x50,8,0.34180201785572084,0.3291251898005833,0.35548708375388327
wine,MAR,random,0.1,5,1000x50,9,0.33582490050688596,0.316386338152517,0.35699206463353456
wine,MAR,random,0.1,5,1000x50,10,0.33656129285761643,0.3214045989007932,0.35210417540185435
wine,MAR,random,0.3,5,1000x50,1,0.7998547906322193,0.7832041393011324,0.8165812485112732
wine,MAR,random,0.3,5,1000x50,2,0.6638173699809239,0.6476802880869299,0.6832594899794486
wine,MAR,random,0.3,5,1000x50,3,0.5743142952594671,0.547913481503752,0.5923594911170281
wine,MAR,random,0.3,5,1000x50,4,0.5066441350025255,0.47829972444450136,0.5251584131910348
wine,MAR,random,0.3,5,1000x50,5,0.4404710017289385,0.41231148895396136,0.4606182200691843
wine,MAR,random,0.3,5,1000x50,6,0.38746208800198184,0.3633547874672116,0.40793878892196955
wine,MAR,random,0.3,5,1000x50,7,0.3466248497995204,0.3157334423265335,0.37473526111624633
wine,MAR,random,0.3,5,1000x50,8,0.3402249025920202,0.31496357222895116,0.3629721713949468
wine,MAR,random,0.3,5,1000x50,9,0.34498849327748204,0.3254549519609256,0.36886250636620477
wine,MAR,random,0.3,5,1000x50,10,0.3539466051330497,0.3539466051330497,0.3539466051330497
wine,MAR,random,0.5,5,1000x50,1,0.7953048432734972,0.764498249419191,0.8227562186782971
wine,MAR,random,0.5,5,1000x50,2,0.650974691964464,0.616708649197082,0.6930512477078071
wine,MAR,random,0.5,5,1000x50,3,0.5513754868652828,0.5077222315980552,0.5890508376230187
wine,MAR,random,0.5,5,1000x50,4,0.474889357119725,0.43928850017010596,0.5159534051167978
wine,MAR,random,0.5,5,1000x50,5,0.41210739980510935,0.37605422243573156,0.4511672886139089
wine,MAR,random,0.5,5,1000x50,6,0.36684587158606596,0.3343575265182667,0.4080472701999089
wine,MAR,random,0.5,5,1000x50,7,0.3528989822253221,0.3149580837952762,0.3846919286414178
wine,MAR,random,0.5,5,1000x50,8,0.36797521233167696,0.33170872652059913,0.402049973333881
wine,MCAR,block,0.1,5,1000x50,1,0.8003451802517608,0.7818450548258385,0.8170593533475787
wine,MCAR,block,0.1,5,1000x50,2,0.6733459985285863,0.6572760205968339,0.6894684732912324
wine,MCAR,block,0.1,5,1000x50,3,0.5901503737120951,0.5732392826962531,0.603658020667752
wine,MCAR,block,0.1,5,1000x50,4,0.5294881294687921,0.5131524436583749,0.5467498554520182
wine,MCAR,block,0.1,5,1000x50,5,0.4680624970686149,0.4525452150223792,0.48470938847916456
wine,MCAR,block,0.1,5,1000x50,6,0.41528388279451506,0.39573013902823995,0.4301419578456045
wine,MCAR,block,0.1,5,1000x50,7,0.36642152000013567,0.35161706202580445,0.38209261992770993
wine,MCAR,block,0.1,5,1000x50,8,0.3411646918705696,0.3253708555563108,0.35496165427429255
wine,MCAR,block,0.1,5,1000x50,9,0.33431512378528605,0.3134304427905326,0.3561292039737062
wine,MCAR,block,0.1,5,1000x50,10,0.33914729780985675,0.32055158103670345,0.35583332246064286
wine,MCAR,block,0.3,5,1000x50,1,0.7937329313321293,0.7594614721915839,0.8220757202218506
wine,MCAR,block,0.3,5,1000x50,2,0.6628505173111982,0.6356814427523976,0.6912302319815974
wine,MCAR,block,0.3,5,1000x50,3,0.5781473382913733,0.5359743756008879,0.6246886276979607
wine,MCAR,block,0.3,5,1000x50,4,0.5100556982031338,0.4639408840201635,0.5651402548882024
wine,MCAR,block,0.3,5,1000x50,5,0.44109299677681235,0.3951640305969704,0.4953450834769343
wine,MCAR,block,0.3,5,1000x50,6,0.3839723327775486,0.3443689953047667,0.4335039204280982
wine,MCAR,block,0.3,5,1000x50,7,0.3505124926233175,0.3171011022608146,0.394031947052854
wine,MCAR,block,0.3,5,1000x50,8,0.3519549579490048,0.3113874745634813,0.39739085483550535
wine,MCAR,block,0.3,5,1000x50,9,0.3471715368923559,0.3227447578299151,0.3637570919753048
wine,MCAR,block,0.3,5,1000x50,10,0.3747864059617644,0.3747864059617644,0.3747864059617644
wine,MCAR,block,0.5,5,1000x50,1,0.8018513790891226,0.764655002208771,0.8427151055485597
wine,MCAR,block,0.5,5,1000x50,2,0.6722603876803559,0.6278753023465036,0.7179068498818358
wine,MCAR,block,0.5,5,1000x50,3,0.5814459387897482,0.5416225644368526,0.6287886768242372
wine,MCAR,block,0.5,5,1000x50,4,0.5151377690931801,0.4622026673452946,0.5752036141980734
wine,MCAR,block,0.5,5,1000x50,5,0.44864772270412256,0.39659252323333205,0.5073447715991963
wine,MCAR,block,0.5,5,1000x50,6,0.3897126825808466,0.3516670448441458,0.4576054528048055
wine,MCAR,block,0.5,5,1000x50,7,0.36268219126073653,0.31387554615315655,0.40854661762732625
wine,MCAR,block,0.5,5,1000x50,8,0.35342051575411415,0.3182070627807994,0.4075892393558568
wine,MCAR,block,0.5,5,1000x50,9,0.32913802194813035,0.3191725871713702,0.3391034567248905
wine,MCAR,random,0.1,5,1000x50,1,0.8014062378132042,0.7967339002024935,0.805360743761324
wine,MCAR,random,0.1,5,1000x50,2,0.6743880658432596,0.6693905002281716,0.6797581750688122
wine,MCAR,random,0.1,5,1000x50,3,0.5902151490275523,0.5815631727268873,0.5969493120196578
wine,MCAR,random,0.1,5,1000x50,4,0.532802678116009,0.5228750477738617,0.540423591668803
wine,MCAR,random,0.1,5,1000x50,5,0.47015129830160757,0.4603625734615434,0.4832306260687748
wine,MCAR,random,0.1,5,1000x50,6,0.4181338835431087,0.41127923263158245,0.43279131704598434
wine,MCAR,random,0.1,5,1000x50,7,0.3671991247016112,0.3575458664744372,0.3830767623718025
wine,MCAR,random,0.1,5,1000x50,8,0.3417661115603057,0.32967840498200096,0.35669469483908234
wine,MCAR,random,0.1,5,1000x50,9,0.3336840744705386,0.3116627600101625,0.35274269271031006
wine,MCAR,random,0.1,5,1000x50,10,0.3403121406985322,0.3168460050640402,0.3629866838563096
wine,MCAR,random,0.3,5,1000x50,1,0.7968244187854169,0.788358192573488,0.8052869319493113
wine,MCAR,random,0.3,5,1000x50,2,0.6636447251309026,0.6514778616319239,0.6762798670783176
wine,MCAR,random,0.3,5,1000x50,3,0.5744474859386877,0.5561666444211094,0.5899267188939615
wine,MCAR,random,0.3,5,1000x50,4,0.5034853390843622,0.46967760152709376,0.5238166064972078
wine,MCAR,random,0.3,5,1000x50,5,0.43935986821791273,0.40533434963988163,0.46031082713036414
wine,MCAR,random,0.3,5,1000x50,6,0.3813313373999836,0.35382482321272035,0.40515691479201543
wine,MCAR,random,0.3,5,1000x50,7,0.34057848756815223,0.31256747012599784,0.3656395466634155
wine,MCAR,random,0.3,5,1000x50,8,0.32672522862861547,0.3094986701707853,0.35945575015393844
wine,MCAR,random,0.3,5,1000x50,9,0.3309489970544139,0.31567974867866727,0.34905981105209016
wine,MCAR,random,0.5,5,1000x50,1,0.7923550666789013,0.7714528856927876,0.8104165646488323
wine,MCAR,random,0.5,5,1000x50,2,0.645167365370689,0.608344221484449,0.6712804597611327
wine,MCAR,random,0.5,5,1000x50,3,0.5500391758594992,0.5119307205361722,0.5835252266650449
wine,MCAR,random,0.5,5,1000x50,4,0.46927360672666774,0.43841984036473725,0.4953128886318201
wine,MCAR,random,0.5,5,1000x50,5,0.403159044635379,0.37480169060383,0.42717396537232893
wine,MCAR,random,0.5,5,1000x50,6,0.3638945637668255,0.3252663302354695,0.40862913854111105
wine,MCAR,random,0.5,5,1000x50,7,0.3638188704436315,0.3197987805055759,0.4063550410365706
wine,MCAR,random,0.5,5,1000x50,8,0.37441874646323636,0.33263599480757927,0.4194216198246189
