dataset,mechanism,pattern,missing_rate,n_components_requested,method,n_reps,rmse_mean,rmse_median,rmse_std,rmse_ci_low,rmse_ci_high,mae_mean,mae_median,mae_std,mae_ci_low,mae_ci_high,wall_time_sec_mean,wall_time_sec_median,wall_time_sec_std,wall_time_sec_ci_low,wall_time_sec_ci_high,vbpca_mean_variance_mean,rmse_ci,mae_ci,time_ci
diabetes,MAR,block,0.1,5,mean_pca,200,0.8726203620787979,0.8733544791846539,0.0856825986695852,0.7135977303101043,1.034829219534921,0.6939164886455214,0.690612913499981,0.0828010537774246,0.536479834218109,0.859671475186015,0.00150306337473,0.0015061015037644,4.82567767709321e-05,0.0013995330249599,0.0015850036530536,,"[0.7136, 1.0348]","[0.5365, 0.8597]","[0.0014, 0.0016]"
diabetes,MAR,block,0.1,5,mice_pca,200,0.6981855337653077,0.6941868687332005,0.1599881146618673,0.3505763887042206,1.0075112302827751,0.5105692792375005,0.4913761687104364,0.1486013462252831,0.2384906651795709,0.8266539186576043,0.0128642787400166,0.008721387002879,0.0135136374766855,0.0057371097964277,0.0649680795995664,,"[0.3506, 1.0075]","[0.2385, 0.8267]","[0.0057, 0.0650]"
diabetes,MAR,block,0.1,5,vbpca_vb_modern,200,0.8156132007177302,0.7998368231810775,0.1392669544853939,0.537643723132001,1.0723646148578327,0.6219861069863372,0.6025883871418956,0.1245768920770548,0.4017086038530659,0.8677086950746404,25.43284457531492,28.84512366800118,4.271504844209014,19.35477480249883,30.279266879399803,0.1363786973871522,"[0.5376, 1.0724]","[0.4017, 0.8677]","[19.3548, 30.2793]"
diabetes,MAR,block,0.3,5,mean_pca,200,0.0643939798351879,0.0620600634218538,0.0115493008356038,0.0481132369865539,0.0916940149006997,0.0516344685073296,0.049248827562641,0.0106732696844795,0.0380938358534553,0.0768022873665992,0.0014877292395976,0.0014952585006539,5.0154015771878704e-05,0.0013766034209765,0.0015690583995819,,"[0.0481, 0.0917]","[0.0381, 0.0768]","[0.0014, 0.0016]"
diabetes,MAR,block,0.3,5,mice_pca,200,0.0643939798351879,0.0620600634218538,0.0115493008356038,0.0481132369865539,0.0916940149006997,0.0516344685073296,0.049248827562641,0.0106732696844795,0.0380938358534553,0.0768022873665992,0.0038134590353001,0.0038474134998977,0.0001710530927865,0.0034598442462083,0.0040492762762368,,"[0.0481, 0.0917]","[0.0381, 0.0768]","[0.0035, 0.0040]"
diabetes,MAR,block,0.3,5,vbpca_vb_modern,200,0.0651901961330825,0.0621111289300663,0.0159383349817816,0.0481132369865538,0.0958727229667208,0.0521509832633318,0.0494071475556792,0.012687482240333,0.0380938358534553,0.0822975068334637,23.221268067164928,26.28549855000165,3.878709659014921,17.663991718701617,27.591940440125107,33.54490140860525,"[0.0481, 0.0959]","[0.0381, 0.0823]","[17.6640, 27.5919]"
diabetes,MAR,block,0.5,5,mean_pca,200,0.0646984652553174,0.0626063237178801,0.0132271250382587,0.0482039426685698,0.104913203577642,0.051904649864088,0.0495772776620573,0.0118461097420977,0.0383252177749096,0.0867501301291491,0.0014933039299648,0.0014962870009184,4.605784182424133e-05,0.0013777096308331,0.0015793818743986,,"[0.0482, 0.1049]","[0.0383, 0.0868]","[0.0014, 0.0016]"
diabetes,MAR,block,0.5,5,mice_pca,200,0.0646984652553174,0.0626063237178801,0.0132271250382587,0.0482039426685698,0.104913203577642,0.051904649864088,0.0495772776620573,0.0118461097420977,0.0383252177749096,0.0867501301291491,0.003844437505213,0.0038555610044568,0.0001856276036065,0.003446679051376,0.0041397874500034,,"[0.0482, 0.1049]","[0.0383, 0.0868]","[0.0034, 0.0041]"
diabetes,MAR,block,0.5,5,vbpca_vb_modern,200,0.0647750495123397,0.06260632371788,0.0132676438246286,0.0482039426685698,0.1049132035776419,0.0519781889809776,0.0495772776620573,0.0118948851284345,0.0383252177749096,0.0867501301291491,23.34452240743496,26.29444717599836,3.885087735244367,17.612702763224114,27.623830880949207,33.03011564834059,"[0.0482, 0.1049]","[0.0383, 0.0868]","[17.6127, 27.6238]"
diabetes,MAR,random,0.1,5,mean_pca,200,0.8481711562143162,0.8480051672199258,0.035162736149228,0.7874641360405626,0.917283887194194,0.6664796981971939,0.6662827984912691,0.027689680708813,0.6161578291962055,0.7167483314244406,0.0015060193750104,0.0015144790013436,4.647606792690823e-05,0.0013995530507599,0.0015868698033954,,"[0.7875, 0.9173]","[0.6162, 0.7167]","[0.0014, 0.0016]"
diabetes,MAR,random,0.1,5,mice_pca,200,0.7317652252877451,0.7329472895574957,0.0331994185551941,0.6711079699165083,0.7918007655019706,0.5264166832883155,0.525928568382617,0.0244202171487834,0.4822545251756405,0.5744110573416954,0.3538763639648096,0.3440884675001143,0.0762901102175156,0.2268754142260149,0.5086260741793013,,"[0.6711, 0.7918]","[0.4823, 0.5744]","[0.2269, 0.5086]"
diabetes,MAR,random,0.1,5,vbpca_vb_modern,200,0.777202950045588,0.7782050774653045,0.0320825943317475,0.7194091960893052,0.8342644360266372,0.5860878486027672,0.586525475437708,0.0250487385306796,0.538431931323719,0.6315401035062304,25.39905950350996,28.656431847997737,4.272572953733792,19.50782037217577,30.21146778054845,0.1433827398005422,"[0.7194, 0.8343]","[0.5384, 0.6315]","[19.5078, 30.2115]"
diabetes,MAR,random,0.3,5,mean_pca,200,0.90756229800755,0.9091543109932608,0.0261093346250667,0.8599800119175446,0.9531182290739774,0.7200966233251234,0.7206409859716472,0.01956542842734,0.6819836777679978,0.7560504204880163,0.0015498785550516,0.0015559280000161,7.04929125650908e-05,0.001413342649539,0.0016472583725771,,"[0.8600, 0.9531]","[0.6820, 0.7561]","[0.0014, 0.0016]"
diabetes,MAR,random,0.3,5,mice_pca,200,0.8323176704534481,0.8257451499638166,0.0427851739322134,0.7713546929765,0.9483785461709252,0.6100734405928221,0.6078216046573663,0.0236219255754211,0.5755731083902549,0.6680556634773501,0.4657540770199193,0.4756351540017931,0.0791859202200241,0.2918955229002676,0.5699184006032738,,"[0.7714, 0.9484]","[0.5756, 0.6681]","[0.2919, 0.5699]"
diabetes,MAR,random,0.3,5,vbpca_vb_modern,200,0.8249772761718345,0.8252212197669013,0.0214794626189267,0.7816774593351065,0.8651241662425643,0.6322562977850467,0.6320958718014448,0.0165007728027257,0.5985864523651411,0.6626796712247762,21.137476282239916,23.826983717000985,3.7303614440559785,16.04258519477753,25.40331021749844,0.2000131040328832,"[0.7817, 0.8651]","[0.5986, 0.6627]","[16.0426, 25.4033]"
diabetes,MAR,random,0.5,5,mean_pca,200,0.974383333980396,0.9741624239791978,0.0299919169811583,0.9188755480062322,1.034932104985182,0.7764392847758513,0.7763558474533848,0.021433520639165,0.7401407830199411,0.8201043574436617,0.0015613958251923,0.0015693535024183,5.657199101059373e-05,0.0014460102449447,0.0016459935206512,,"[0.9189, 1.0349]","[0.7401, 0.8201]","[0.0014, 0.0016]"
diabetes,MAR,random,0.5,5,mice_pca,200,0.9517780174242424,0.9511902217459396,0.0335070777584763,0.8884729990123084,1.0172527383914929,0.7210647453821086,0.721380461313027,0.0234212470543727,0.676813417587791,0.7640321196311057,0.4359998849049952,0.4643536574985774,0.106227945784357,0.1281491144251049,0.5414682665752479,,"[0.8885, 1.0173]","[0.6768, 0.7640]","[0.1281, 0.5415]"
diabetes,MAR,random,0.5,5,vbpca_vb_modern,200,0.8904529754442734,0.8914125554604224,0.0263909389140682,0.8397579571852939,0.940924117944057,0.6909788227761509,0.6907075595918042,0.0192564480108244,0.6543137163071572,0.72999334351028,16.670979730014913,18.859224627500225,2.834848039683956,12.607220128281003,19.815227362149745,0.2947863061749202,"[0.8398, 0.9409]","[0.6543, 0.7300]","[12.6072, 19.8152]"
diabetes,MCAR,block,0.1,5,mean_pca,200,0.8245379409647131,0.8227976958210592,0.086463133002866,0.6552890196766779,0.9854983759659536,0.6617493223256067,0.6565559551487462,0.0870909853837234,0.5104698769093661,0.8369031916952279,0.0015075920195521,0.0015271100019162,8.970384593337058e-05,0.0012083921716111,0.0016164269765795,,"[0.6553, 0.9855]","[0.5105, 0.8369]","[0.0012, 0.0016]"
diabetes,MCAR,block,0.1,5,mice_pca,200,0.6818090573454936,0.6823796279515358,0.1745002989339611,0.3274949231654106,0.997460811542968,0.506222627563907,0.4859580659640873,0.1586050953195772,0.2376497008219039,0.8132262116175888,0.0120241393448668,0.0091387050015327,0.0102717146438525,0.0060474199977761,0.056785488555215,,"[0.3275, 0.9975]","[0.2376, 0.8132]","[0.0060, 0.0568]"
diabetes,MCAR,block,0.1,5,vbpca_vb_modern,200,0.7887833976662639,0.7801426288528417,0.1525891266594145,0.5139207791488953,1.0832822772731567,0.6036669074837975,0.5943281214342064,0.1352838046549931,0.3831813938668643,0.8614606050127842,26.12742325890969,29.06638152549931,4.905713981860193,16.14352392702167,31.212294817419934,0.1348355109418145,"[0.5139, 1.0833]","[0.3832, 0.8615]","[16.1435, 31.2123]"
diabetes,MCAR,block,0.3,5,mean_pca,200,0.0676123216348278,0.0658510065232836,0.0138547156750759,0.0479586504415849,0.1034004205642682,0.0542629053642432,0.0511603910100941,0.0128177199263765,0.0381133941907116,0.0875650276842352,0.0014828948050489,0.0014913130034983,4.792960779955137e-05,0.0013855662531568,0.0015600559720041,,"[0.0480, 0.1034]","[0.0381, 0.0876]","[0.0014, 0.0016]"
diabetes,MCAR,block,0.3,5,mice_pca,200,0.0676123216348278,0.0658510065232836,0.0138547156750759,0.0479586504415849,0.1034004205642682,0.0542629053642432,0.0511603910100941,0.0128177199263765,0.0381133941907116,0.0875650276842352,0.0038015236096907,0.003845678995276,0.0001599406366521,0.0034850420301153,0.0040020571263084,,"[0.0480, 0.1034]","[0.0381, 0.0876]","[0.0035, 0.0040]"
diabetes,MCAR,block,0.3,5,vbpca_vb_modern,200,0.0675642289078022,0.0658510065232836,0.0139038728764618,0.0479586504415849,0.1034004205642682,0.0542279147873822,0.051160391010094,0.0128563880380554,0.0377745988521413,0.0875650276842352,23.062092140679887,26.20186726999964,3.894493671033168,17.692797611427885,27.653623949401847,30.676232063020706,"[0.0480, 0.1034]","[0.0378, 0.0876]","[17.6928, 27.6536]"
diabetes,MCAR,block,0.5,5,mean_pca,200,0.0659877265277081,0.0619784224343934,0.0145052816704911,0.0484411444236434,0.1035166476767341,0.0530241055623002,0.0485765012466883,0.0130412168321382,0.0383622659422992,0.0849955610020315,0.0014860862354179,0.0014900400019541,4.250250906997031e-05,0.0013948925739896,0.0015566769727228,,"[0.0484, 0.1035]","[0.0384, 0.0850]","[0.0014, 0.0016]"
diabetes,MCAR,block,0.5,5,mice_pca,200,0.0659877265277081,0.0619784224343934,0.0145052816704911,0.0484411444236434,0.1035166476767341,0.0530241055623002,0.0485765012466883,0.0130412168321382,0.0383622659422992,0.0849955610020315,0.0038170736748724,0.0038474694993055,0.0001488799287238,0.0034568642009616,0.0040578510705017,,"[0.0484, 0.1035]","[0.0384, 0.0850]","[0.0035, 0.0041]"
diabetes,MCAR,block,0.5,5,vbpca_vb_modern,200,0.0659876821481021,0.0619784224343933,0.014505234164622,0.0484411444236433,0.1035166476767341,0.0530240374714966,0.0485765012466883,0.0130411406714109,0.0383622659422992,0.0849955610020314,23.297143870540094,26.28375679950113,3.9208391928154542,17.70675381735473,27.682898378421307,30.89291428831783,"[0.0484, 0.1035]","[0.0384, 0.0850]","[17.7068, 27.6829]"
diabetes,MCAR,random,0.1,5,mean_pca,200,0.8271422430336934,0.8310891893755487,0.0308981569376697,0.7663689749019561,0.8793655756728532,0.6522441730273937,0.6548485228905695,0.0239243084218179,0.6046753473036625,0.6912356398593006,0.0015207937551894,0.0015312579998862,7.695609813314991e-05,0.0012233712272062,0.0016247873487372,,"[0.7664, 0.8794]","[0.6047, 0.6912]","[0.0012, 0.0016]"
diabetes,MCAR,random,0.1,5,mice_pca,200,0.709057510089166,0.7063393879750721,0.0319815207573071,0.6572437808122502,0.7705041636685613,0.510283349654436,0.5097929291049581,0.0236587478138375,0.4669384400203713,0.5515013804169601,0.3223652558099275,0.3250570255004276,0.0880739686978091,0.1116956633715744,0.4840722115275639,,"[0.6572, 0.7705]","[0.4669, 0.5515]","[0.1117, 0.4841]"
diabetes,MCAR,random,0.1,5,vbpca_vb_modern,200,0.7566770317753323,0.7553340882337837,0.03114163822434,0.7016650045160012,0.8129971175194103,0.5704590839348265,0.5709303515905013,0.0238937258743247,0.5192879626909489,0.6125140304401896,25.63024474822021,28.74533555300513,4.6828300419645466,16.151295598325852,31.11884057107363,0.1434431383402387,"[0.7017, 0.8130]","[0.5193, 0.6125]","[16.1513, 31.1188]"
diabetes,MCAR,random,0.3,5,mean_pca,200,0.8770828998900615,0.877064690721903,0.0222622699164133,0.8368971101185312,0.9238410925174018,0.6996148322311805,0.6997631228366237,0.0173353789974614,0.667924059282248,0.7363257211513958,0.0015397051702165,0.0015469425015907,4.806652915778207e-05,0.0014285621729868,0.0016258636282145,,"[0.8369, 0.9238]","[0.6679, 0.7363]","[0.0014, 0.0016]"
diabetes,MCAR,random,0.3,5,mice_pca,200,0.8413392941967058,0.8417833242952205,0.0476904063610244,0.760242042367252,0.9354811393606508,0.606385032440335,0.6071633096726614,0.0273026509741293,0.5553258482470089,0.6529563930109104,0.4553381179549615,0.4609983824993832,0.0651297915926995,0.3275487814749794,0.5411677632007923,,"[0.7602, 0.9355]","[0.5553, 0.6530]","[0.3275, 0.5412]"
diabetes,MCAR,random,0.3,5,vbpca_vb_modern,200,0.7981167713421137,0.7965694669838981,0.0190776793624632,0.765122388219754,0.8384531484839722,0.6107286901667973,0.6103700141017645,0.0145035075637573,0.5834155408930892,0.6383430101308987,21.05363114806016,23.710432836498512,3.5525944688614715,15.969891791453664,25.110229961381265,0.1969482330916817,"[0.7651, 0.8385]","[0.5834, 0.6383]","[15.9699, 25.1102]"
diabetes,MCAR,random,0.5,5,mean_pca,200,0.922891533064454,0.9209606875970804,0.021406764490539,0.8828886211607252,0.9624680715081636,0.7424080473071119,0.7412839132466942,0.0160476405694222,0.7115291673533733,0.7725482909224745,0.0015650893499695,0.0015717780006525,6.153403450884859e-05,0.0014241243496143,0.001657087571948,,"[0.8829, 0.9625]","[0.7115, 0.7725]","[0.0014, 0.0017]"
diabetes,MCAR,random,0.5,5,mice_pca,200,0.8875212197714112,0.8875768761132872,0.0245716179628822,0.8394316859992955,0.937803697335488,0.6779042122789839,0.678112268861288,0.0173790486215439,0.6471535532653808,0.7124513249903607,0.1303301026095868,0.0594660579990886,0.1166927971777066,0.0388312360990311,0.3877153515439204,,"[0.8394, 0.9378]","[0.6472, 0.7125]","[0.0388, 0.3877]"
diabetes,MCAR,random,0.5,5,vbpca_vb_modern,200,0.8398906045336904,0.8402506966172779,0.0188692776186301,0.8079561539724571,0.8818656690287573,0.6541775372915174,0.6539411223223972,0.0136964614601503,0.6280049188546721,0.6806219363495213,16.517764142695015,18.751612336000107,2.9291423279214843,12.530270802522317,19.85892293247544,0.2839122571331449,"[0.8080, 0.8819]","[0.6280, 0.6806]","[12.5303, 19.8589]"
synthetic,MAR,block,0.1,5,mean_pca,200,0.6151827120019361,0.6119186065428185,0.0361474372491133,0.5492609225938624,0.680404434481096,0.4834007230950272,0.4796792029696269,0.0275845863564692,0.4325128567594462,0.5351271100235143,0.0028639776953058,0.0029081129978294,0.0001437732686707,0.0026197357001364,0.0030919729773813,,"[0.5493, 0.6804]","[0.4325, 0.5351]","[0.0026, 0.0031]"
synthetic,MAR,block,0.1,5,mice_pca,200,0.3682520666804086,0.3676963702178137,0.0484036436155785,0.2771010041310338,0.4632441234875664,0.2678737679687601,0.2680654657827088,0.0355514628360071,0.2002220160289951,0.3359327990830619,0.1188948945153606,0.1239818805006507,0.0140407785841147,0.0866073918978145,0.1552901748795193,,"[0.2771, 0.4632]","[0.2002, 0.3359]","[0.0866, 0.1553]"
synthetic,MAR,block,0.1,5,vbpca_vb_modern,200,0.4493244248838008,0.4483289717330376,0.0563633719225523,0.3491476789594859,0.5505745256904091,0.3300429374389965,0.3276861853891307,0.0430531186857592,0.2523601450436036,0.4091994025714661,239.7613013360453,268.310825074499,37.69726733746897,183.50927625797704,282.3157048590268,0.0219067313317157,"[0.3491, 0.5506]","[0.2524, 0.4092]","[183.5093, 282.3157]"
synthetic,MAR,block,0.3,5,mean_pca,200,3.993488599467775,3.9429737026284095,0.5096505329685922,3.1307556068636173,4.942318361199323,3.112714642041181,3.067737638854697,0.395692803003936,2.462400124628378,3.911365033849149,0.0027677090952783,0.0028030925022903,0.0001599802034469,0.002460427902406,0.0030075576489252,,"[3.1308, 4.9423]","[2.4624, 3.9114]","[0.0025, 0.0030]"
synthetic,MAR,block,0.3,5,mice_pca,200,3.993488599467775,3.9429737026284095,0.5096505329685922,3.1307556068636173,4.942318361199323,3.112714642041181,3.067737638854697,0.395692803003936,2.462400124628378,3.911365033849149,0.0163118744748134,0.0165145280006981,0.0010472152102801,0.0142767566743714,0.0179579670253587,,"[3.1308, 4.9423]","[2.4624, 3.9114]","[0.0143, 0.0180]"
synthetic,MAR,block,0.3,5,vbpca_vb_modern,200,3.993488599467775,3.9429737026284095,0.5096505329685922,3.1307556068636173,4.942318361199323,3.112714642041181,3.067737638854697,0.395692803003936,2.462400124628378,3.911365033849149,205.6751002454896,231.3319758175021,35.78265551826779,149.52807013954953,246.33749818827567,86.63962611052078,"[3.1308, 4.9423]","[2.4624, 3.9114]","[149.5281, 246.3375]"
synthetic,MAR,block,0.5,5,mean_pca,200,3.992378643702864,3.880738500197009,0.5264040005788116,3.1243224381596275,5.286337839182898,3.1158731049473234,3.061166465433115,0.3974577192314832,2.466249375143955,4.067932987674044,0.0027577083251162,0.0027990474991383,0.0001546303134718,0.0024769639983787,0.0029954904812256,,"[3.1243, 5.2863]","[2.4662, 4.0679]","[0.0025, 0.0030]"
synthetic,MAR,block,0.5,5,mice_pca,200,3.992378643702864,3.880738500197009,0.5264040005788116,3.1243224381596275,5.286337839182898,3.1158731049473234,3.061166465433115,0.3974577192314832,2.466249375143955,4.067932987674044,0.0162442235051275,0.016471258499223,0.0010297963934175,0.0146618630784359,0.0178825977722226,,"[3.1243, 5.2863]","[2.4662, 4.0679]","[0.0147, 0.0179]"
synthetic,MAR,block,0.5,5,vbpca_vb_modern,200,3.992378643702864,3.880738500197009,0.5264040005788116,3.1243224381596275,5.286337839182898,3.1158731049473234,3.061166465433115,0.3974577192314832,2.466249375143955,4.067932987674044,205.21994732749485,230.04643461600065,34.35717159106748,156.0885005992048,244.3231712339286,87.89078664513069,"[3.1243, 5.2863]","[2.4662, 4.0679]","[156.0885, 244.3232]"
synthetic,MAR,random,0.1,5,mean_pca,200,0.4775222805792822,0.4784426569386281,0.0167366321334751,0.4406131052904658,0.5094446246584112,0.36366231154588,0.3643912970168981,0.0129332652133154,0.3367757333133881,0.3866848963081753,0.0028904278649496,0.0029204269994806,0.0001275885567657,0.0026607859730574,0.0030822957685813,,"[0.4406, 0.5094]","[0.3368, 0.3867]","[0.0027, 0.0031]"
synthetic,MAR,random,0.1,5,mice_pca,200,0.372505459066382,0.3739103117370042,0.0182455984976087,0.3318792383632495,0.404546777811481,0.2689994564393489,0.2697109478001801,0.0141959670783239,0.2417611493176059,0.2936940519648079,0.8384628336998503,0.8496355865026999,0.1231691836259446,0.610008187897256,1.1275781906968405,,"[0.3319, 0.4045]","[0.2418, 0.2937]","[0.6100, 1.1276]"
synthetic,MAR,random,0.1,5,vbpca_vb_modern,200,0.4229527550133322,0.424901570546992,0.0205980167199559,0.3769167576311219,0.4588385293439505,0.3074132172135613,0.3082808160817419,0.0164531541143717,0.27626758283537,0.3365271372710572,239.98398266463508,269.0598848024965,38.328155623235126,183.688499500549,282.5312453851282,0.0221644960208737,"[0.3769, 0.4588]","[0.2763, 0.3365]","[183.6885, 282.5312]"
synthetic,MAR,random,0.3,5,mean_pca,200,0.5997867347451509,0.5989674810324587,0.0132281758068888,0.5760475866006236,0.6252764929455827,0.4652307266621382,0.4649478018322053,0.010168129739553,0.4448443334437329,0.487449230593017,0.0033405186402887,0.0033557375027157,0.0001557682040923,0.0030082510769715,0.0035761265289693,,"[0.5760, 0.6253]","[0.4448, 0.4874]","[0.0030, 0.0036]"
synthetic,MAR,random,0.3,5,mice_pca,200,0.3744229510883545,0.3739194563241222,0.0177102195165477,0.3409694798153962,0.4079015676807289,0.2707596058499945,0.2705833449970697,0.0135706843640545,0.2447722947336992,0.2953479212615497,2.5613443094450488,2.946935266001674,1.1473679730902904,1.0651333714480644,4.2459579432734245,,"[0.3410, 0.4079]","[0.2448, 0.2953]","[1.0651, 4.2460]"
synthetic,MAR,random,0.3,5,vbpca_vb_modern,200,0.4404082445155339,0.4391524827386781,0.0212484167378375,0.400146526687097,0.483494148209868,0.320776703048469,0.3208090350633295,0.0164408802692269,0.2897816138481827,0.3509516828272939,189.52784403836495,212.0231700129989,31.551812339985183,144.71782399174808,225.45934620194825,0.0306424152888967,"[0.4001, 0.4835]","[0.2898, 0.3510]","[144.7178, 225.4593]"
synthetic,MAR,random,0.5,5,mean_pca,200,0.7390268882045403,0.7382412270083846,0.011382366109227,0.7184352766476086,0.7635058158819055,0.5768264641312635,0.5758302467276697,0.0086412018596608,0.560158467000883,0.5962215545732271,0.0036090576501009,0.0036031620002177,0.0001095129903664,0.00340835672323,0.0038166742257089,,"[0.7184, 0.7635]","[0.5602, 0.5962]","[0.0034, 0.0038]"
synthetic,MAR,random,0.5,5,mice_pca,200,0.4359117058613706,0.4378232589865966,0.0173757671736996,0.3959342462979424,0.4718218247692056,0.3189415563412478,0.320176093287517,0.0133328448683946,0.2930955025868998,0.3454231397418322,0.6461571669097611,0.6356526820018189,0.0883845412087785,0.5178881297801127,0.8404551458534117,,"[0.3959, 0.4718]","[0.2931, 0.3454]","[0.5179, 0.8405]"
synthetic,MAR,random,0.5,5,vbpca_vb_modern,200,0.4833889762551054,0.4848978985145022,0.0249123791900127,0.4277619763884722,0.5313945210072327,0.3531266520891847,0.3546413613574147,0.0190854557102824,0.3139053029398164,0.3894754446214968,138.49271941771988,155.88988814500044,22.48784780674524,106.8561826605268,163.84953591430423,0.0525349113785802,"[0.4278, 0.5314]","[0.3139, 0.3895]","[106.8562, 163.8495]"
synthetic,MCAR,block,0.1,5,mean_pca,200,0.6013689150401859,0.6035382612941547,0.0348293142503237,0.5409386955345682,0.6664282058031956,0.4720339919206608,0.4737563472576011,0.0261059353743371,0.4267846758323731,0.521696194710648,0.0028567413498785,0.0028933134999533,0.000140350533477,0.0025972488489968,0.0030895652472281,,"[0.5409, 0.6664]","[0.4268, 0.5217]","[0.0026, 0.0031]"
synthetic,MCAR,block,0.1,5,mice_pca,200,0.3712458710407254,0.3687478095180375,0.0463297119349745,0.2888327737892839,0.4591599407106638,0.2701625131202662,0.2691475310463911,0.0346577333315948,0.2066315945542494,0.3382921376321587,0.2119210255702273,0.2090790490019571,0.1106335759760866,0.1072457813992513,0.378839448326562,,"[0.2888, 0.4592]","[0.2066, 0.3383]","[0.1072, 0.3788]"
synthetic,MCAR,block,0.1,5,vbpca_vb_modern,200,0.4496071670918088,0.4493741709853572,0.0542105003826566,0.3522707195940401,0.5486510946249602,0.329789415088436,0.3299706049895972,0.0415884246025497,0.2570618726735328,0.4035188875465361,240.07743221020988,265.8161974700015,37.36844929419401,184.68325068862268,281.03625276932263,0.0220528786861038,"[0.3523, 0.5487]","[0.2571, 0.4035]","[184.6833, 281.0363]"
synthetic,MCAR,block,0.3,5,mean_pca,200,4.021207456882336,3.936313543696733,0.5343139868160873,3.1947227660943267,5.287179542207165,3.1312081646093635,3.090359278946488,0.393866823158976,2.468544192200273,3.959769520328469,0.0027375789600045,0.0027732284997909,0.0001339004114878,0.0024690399518476,0.0029353847005949,,"[3.1947, 5.2872]","[2.4685, 3.9598]","[0.0025, 0.0029]"
synthetic,MCAR,block,0.3,5,mice_pca,200,4.021207456882336,3.936313543696733,0.5343139868160873,3.1947227660943267,5.287179542207165,3.1312081646093635,3.090359278946488,0.393866823158976,2.468544192200273,3.959769520328469,0.0161576743750265,0.016376997999032,0.000794263070986,0.0147281779978584,0.0175453815255423,,"[3.1947, 5.2872]","[2.4685, 3.9598]","[0.0147, 0.0175]"
synthetic,MCAR,block,0.3,5,vbpca_vb_modern,200,4.021207456882336,3.936313543696733,0.5343139868160873,3.1947227660943267,5.287179542207165,3.1312081646093635,3.090359278946488,0.393866823158976,2.4685441922002727,3.959769520328469,204.03619642044492,229.02501507200031,33.00146666347103,158.0153817412278,240.04512883060005,87.54203920788248,"[3.1947, 5.2872]","[2.4685, 3.9598]","[158.0154, 240.0451]"
synthetic,MCAR,block,0.5,5,mean_pca,200,3.98030607822386,3.946159749866797,0.4785435382888406,3.196355372719351,5.1318024067216985,3.112249390916217,3.094085429223491,0.3649941885577827,2.4903617205713107,3.946740231803828,0.0027481668003383,0.0027756540002883,0.0001181016802008,0.0024881516266758,0.0029291841048688,,"[3.1964, 5.1318]","[2.4904, 3.9467]","[0.0025, 0.0029]"
synthetic,MCAR,block,0.5,5,mice_pca,200,3.98030607822386,3.946159749866797,0.4785435382888406,3.196355372719351,5.1318024067216985,3.112249390916217,3.094085429223491,0.3649941885577827,2.4903617205713107,3.946740231803828,0.0162444483049693,0.016418152499682,0.0008805263136907,0.0148130635747292,0.0173547411270191,,"[3.1964, 5.1318]","[2.4904, 3.9467]","[0.0148, 0.0174]"
synthetic,MCAR,block,0.5,5,vbpca_vb_modern,200,3.9803092735612338,3.946159749866797,0.4785398962100456,3.196355372719351,5.1318024067216985,3.112252842456724,3.094085429223491,0.3649902308976914,2.4903617205713107,3.946740231803828,204.10780515402516,225.877230347498,31.70302684212128,157.54421486672473,240.49110151545028,83.87981293843691,"[3.1964, 5.1318]","[2.4904, 3.9467]","[157.5442, 240.4911]"
synthetic,MCAR,random,0.1,5,mean_pca,200,0.4689473072324753,0.4703846299976374,0.0188529204973748,0.4294644944868517,0.511781826133562,0.3564882308894024,0.3576612048440064,0.0142885304948804,0.3280462093324921,0.3824111107354551,0.0029438450649467,0.0028647854978771,0.0003470394554364,0.002594458950898,0.0037162854235247,,"[0.4295, 0.5118]","[0.3280, 0.3824]","[0.0026, 0.0037]"
synthetic,MCAR,random,0.1,5,mice_pca,200,0.374288676949234,0.3759226289657311,0.0200260563123279,0.330462435663811,0.4160009094127928,0.2696405196796486,0.2707112242394552,0.0153166381890381,0.2357726681863077,0.3005020080742286,0.7947601166648747,0.7762175145016954,0.1182921994838822,0.6244478981523571,1.090857447101007,,"[0.3305, 0.4160]","[0.2358, 0.3005]","[0.6244, 1.0909]"
synthetic,MCAR,random,0.1,5,vbpca_vb_modern,200,0.4231928998348792,0.4248441502446936,0.0224455034287882,0.3726213140429581,0.470824382635892,0.3071577879390658,0.3080172412328075,0.017697259298088,0.2685633127342954,0.3433757482426244,260.4241096847699,261.8505839829995,15.812824375440163,230.90397862654945,288.6736992361758,0.0222521639282291,"[0.3726, 0.4708]","[0.2686, 0.3434]","[230.9040, 288.6737]"
synthetic,MCAR,random,0.3,5,mean_pca,200,0.5651957358586783,0.5652060835301821,0.0128660633224197,0.5422670816408832,0.5874808294256247,0.4411105750637419,0.4404563624823903,0.0099348436009734,0.4232646563581814,0.4586596991236807,0.0033575297000606,0.0032965344998956,0.0003441634276667,0.0030760695252865,0.0040208811012234,,"[0.5423, 0.5875]","[0.4233, 0.4587]","[0.0031, 0.0040]"
synthetic,MCAR,random,0.3,5,mice_pca,200,0.3740582060720794,0.3747569045125921,0.0182545014871679,0.3382433736356321,0.4051123710110645,0.2707860683120526,0.2714473989366703,0.0142728232604464,0.244558686749876,0.2981085315801894,1.1432927187851056,1.0834613600000012,0.2814762614407491,0.8792161537227002,1.4190221815475526,,"[0.3382, 0.4051]","[0.2446, 0.2981]","[0.8792, 1.4190]"
synthetic,MCAR,random,0.3,5,vbpca_vb_modern,200,0.4333929055854429,0.433582268566985,0.0210950022114924,0.392596349588087,0.4713933163907099,0.3163877496792483,0.3168366327664081,0.0167996806268022,0.2849018116091549,0.3477199821482657,207.470820092195,208.61603859550087,14.74633853555052,178.76338960672365,233.37115352274844,0.0297324746752117,"[0.3926, 0.4714]","[0.2849, 0.3477]","[178.7634, 233.3712]"
synthetic,MCAR,random,0.5,5,mean_pca,200,0.6825692596667519,0.6821571152344543,0.0108827779908886,0.6581959700036399,0.7045673279327588,0.5384049235573035,0.5385999981427917,0.0086579470113597,0.5206711272949965,0.5561240066866385,0.0036557468349382,0.0036282364999351,0.0003695031481643,0.0033960913249756,0.0038960128508733,,"[0.6582, 0.7046]","[0.5207, 0.5561]","[0.0034, 0.0039]"
synthetic,MCAR,random,0.5,5,mice_pca,200,0.3911192687513275,0.390916361821424,0.0181408246888778,0.3532958405178791,0.424488747415806,0.2849593731772314,0.2847991899319216,0.0141602294277626,0.2564204387246421,0.3114911137200322,0.6692965760899642,0.6364851369999087,0.2828319307204432,0.4459919142273065,1.0135257379492033,,"[0.3533, 0.4245]","[0.2564, 0.3115]","[0.4460, 1.0135]"
synthetic,MCAR,random,0.5,5,vbpca_vb_modern,200,0.4569233967400629,0.4566108173010725,0.0224310832192272,0.4109597698595167,0.4949050090813576,0.3343761355960806,0.333717756193606,0.0177801955662929,0.2996604169466499,0.3636201920921263,147.11789823790505,154.19381126100052,18.37600434365009,107.14972278439954,171.45672317032555,0.0452710913483252,"[0.4110, 0.4949]","[0.2997, 0.3636]","[107.1497, 171.4567]"
wine,MAR,block,0.1,5,mean_pca,200,0.857998494054845,0.8380480433728521,0.0962991680658498,0.6986353991992909,1.070146831885342,0.6727890317055167,0.6646798104396405,0.0654936563854883,0.559055971635979,0.816921538547789,0.0014313599198066,0.0014345604977279,4.198167711700292e-05,0.0013405778774539,0.0015119883473743,,"[0.6986, 1.0701]","[0.5591, 0.8169]","[0.0013, 0.0015]"
wine,MAR,block,0.1,5,mice_pca,200,0.7615484616987811,0.7526315299723517,0.1153183604287856,0.5643549988490332,1.020685327372563,0.5762989982417607,0.5693337944004588,0.0833744542668171,0.4416566666449504,0.7787997069111908,0.0188754504648022,0.0161952539965568,0.0096967473178008,0.0110827267504645,0.0322435290781868,,"[0.5644, 1.0207]","[0.4417, 0.7788]","[0.0111, 0.0322]"
wine,MAR,block,0.1,5,vbpca_vb_modern,200,0.7644696498469011,0.7546474092847957,0.1130323776814661,0.5645577301784518,1.0069045457912107,0.5789818700656497,0.5758412793909977,0.0783537630414233,0.4378145398844256,0.7495477718240886,12.877186820040151,14.52775878399916,2.1095066845943884,9.892756561454735,15.253364613471604,0.1300477031353397,"[0.5646, 1.0069]","[0.4378, 0.7495]","[9.8928, 15.2534]"
wine,MAR,block,0.3,5,mean_pca,200,72.32320488632635,2.9936036837771667,115.8119799392644,0.6088873532020551,363.28906607644507,35.30104595061206,2.083531073446327,57.232458988358,0.4277079096045197,188.63074717514124,0.0014247016152512,0.0014300829971034,3.868923160744579e-05,0.0013369815800615,0.001503921170115,,"[0.6089, 363.2891]","[0.4277, 188.6307]","[0.0013, 0.0015]"
wine,MAR,block,0.3,5,mice_pca,200,72.32320488632635,2.9936036837771667,115.8119799392644,0.6088873532020551,363.28906607644507,35.30104595061206,2.083531073446327,57.232458988358,0.4277079096045197,188.63074717514124,0.0046201981947887,0.0046555720036849,0.0002188640052072,0.004201046145863,0.0049596667451623,,"[0.6089, 363.2891]","[0.4277, 188.6307]","[0.0042, 0.0050]"
wine,MAR,block,0.3,5,vbpca_vb_modern,200,72.32318777390923,2.9936036837771667,115.81199000369736,0.6088873532020551,363.28906607644507,35.30096885364519,2.083531073446327,57.23250513030052,0.4277079096045197,188.63074717514124,11.366598581494836,12.837542785997355,1.8726509267153424,8.683164961054171,13.465235712575122,44.56698808251232,"[0.6089, 363.2891]","[0.4277, 188.6307]","[8.6832, 13.4652]"
wine,MAR,block,0.5,5,mean_pca,200,67.0498858613595,2.501773414440021,115.0217567218202,0.5664972033886428,360.7259862246172,32.775396779312615,1.5716760828625236,57.08671809257617,0.4221784369114877,187.06272570621476,0.0013984335998611,0.0014316844972199,0.0001170635262852,0.0010302939515895,0.0014958400746763,,"[0.5665, 360.7260]","[0.4222, 187.0627]","[0.0010, 0.0015]"
wine,MAR,block,0.5,5,mice_pca,200,67.0498858613595,2.501773414440021,115.0217567218202,0.5664972033886428,360.7259862246172,32.775396779312615,1.5716760828625236,57.08671809257617,0.4221784369114877,187.06272570621476,0.004524312215326,0.0046667369970236,0.000491289899647,0.0030194084754839,0.0053226002750306,,"[0.5665, 360.7260]","[0.4222, 187.0627]","[0.0030, 0.0053]"
wine,MAR,block,0.5,5,vbpca_vb_modern,200,67.05017852162281,2.501773414440021,115.02158993098558,0.5664972033886428,360.7259862246172,32.77581398824896,1.5716760828625236,57.08648544550703,0.4221784369114877,187.06272570621476,11.284110600885397,12.785984829497464,1.8960823289476132,8.680839703178208,13.478325034152478,43.04907949723972,"[0.5665, 360.7260]","[0.4222, 187.0627]","[8.6808, 13.4783]"
wine,MAR,random,0.1,5,mean_pca,200,0.8064785621329478,0.8029711350127343,0.0536641761015531,0.7030971426138293,0.9200765122149008,0.6218637807602218,0.6200174179911369,0.036918573011315,0.5489717620922131,0.6954238614503504,0.0014331765650421,0.0014417064994631,4.565241446768708e-05,0.0013190455965741,0.0015054870271341,,"[0.7031, 0.9201]","[0.5490, 0.6954]","[0.0013, 0.0015]"
wine,MAR,random,0.1,5,mice_pca,200,0.7609583714886031,0.7544590768387698,0.0541839169125731,0.6759227173378791,0.8767233393031951,0.573892149402253,0.5751836637311762,0.0328416296243031,0.5127778446905114,0.6406496588684141,0.0800030588048684,0.0761578689998714,0.0167484781998344,0.0556327326223253,0.1218657735000306,,"[0.6759, 0.8767]","[0.5128, 0.6406]","[0.0556, 0.1219]"
wine,MAR,random,0.1,5,vbpca_vb_modern,200,0.7488158942232613,0.7436628129458623,0.0552993613186418,0.6566492122073811,0.867829685179007,0.5635993465725846,0.5624160528462161,0.0333738983329363,0.5060198294938236,0.6379873758745113,12.896754076935068,14.562060923999525,2.124997883420592,9.861095331477737,15.285591366828156,0.1299770552652265,"[0.6566, 0.8678]","[0.5060, 0.6380]","[9.8611, 15.2856]"
wine,MAR,random,0.3,5,mean_pca,200,0.8846358031578014,0.8811334376772623,0.0404347085636629,0.8153363109685362,0.960067618964774,0.6925039242388834,0.6916416294381306,0.0291529512877602,0.6386289646436436,0.7524067314629005,0.0014569394200224,0.0014656925013695,5.128753095501283e-05,0.0013287505009429,0.0015358552445831,,"[0.8153, 0.9601]","[0.6386, 0.7524]","[0.0013, 0.0015]"
wine,MAR,random,0.3,5,mice_pca,200,0.915252256918524,0.9151204991225824,0.0506560572662168,0.8177199698815465,1.0121464500429325,0.6857779117895597,0.6854838436843609,0.0318072185471898,0.6272278508840168,0.7413598073329104,0.5635356391747337,0.5950993904989446,0.1295203934952979,0.1538332728747263,0.6993073674773769,,"[0.8177, 1.0121]","[0.6272, 0.7414]","[0.1538, 0.6993]"
wine,MAR,random,0.3,5,vbpca_vb_modern,200,0.7961683238140421,0.7962517923817165,0.0381374151152026,0.7284778934468025,0.8744323518493022,0.601122081260643,0.602641707783334,0.023556645039137,0.5578847041149706,0.645482013724253,10.542129920705266,11.909686323499043,1.7568002304185004,8.025079532827112,12.536959777870107,0.1788492164708311,"[0.7285, 0.8744]","[0.5579, 0.6455]","[8.0251, 12.5370]"
wine,MAR,random,0.5,5,mean_pca,200,0.976631533183884,0.9745256060135709,0.0397847659861275,0.9056172179735292,1.053365787115893,0.7709113387542288,0.7701697287338494,0.0290038475296138,0.717505200558159,0.8267475871235903,0.0014645858298899,0.0014696229991386,4.2002480354270224e-05,0.0013559463497585,0.0015375826729723,,"[0.9056, 1.0534]","[0.7175, 0.8267]","[0.0014, 0.0015]"
wine,MAR,random,0.5,5,mice_pca,200,0.9257488466879116,0.9245528361605578,0.0386694395373663,0.8587355600650158,1.0043740577234532,0.7093080222898397,0.7080141269165723,0.0277159162811342,0.6601918470498638,0.7636288755172571,0.1040527050499803,0.0809390710019214,0.0730318206938795,0.0526011846979599,0.3573527985716284,,"[0.8587, 1.0044]","[0.6602, 0.7636]","[0.0526, 0.3574]"
wine,MAR,random,0.5,5,vbpca_vb_modern,200,0.8772215347103576,0.8765692739031872,0.0368319979490039,0.8079319867698588,0.945127491415865,0.666569624877519,0.6649713463521219,0.0248275877398212,0.6221889963103324,0.7179114627547117,8.233756672570125,9.316865297503682,1.3790240270321108,6.293460342004437,9.806593104504282,0.2687667459153774,"[0.8079, 0.9451]","[0.6222, 0.7179]","[6.2935, 9.8066]"
wine,MCAR,block,0.1,5,mean_pca,200,0.8188001754207184,0.8140153142847923,0.0854938528238264,0.6848457290001879,1.018179780078907,0.6400638404635447,0.6363222946999448,0.0581713036759195,0.5418727444268149,0.7602792111186113,0.0014301350698587,0.0014395210018846,4.441267687948922e-05,0.0013314655807333,0.0014976053524151,,"[0.6848, 1.0182]","[0.5419, 0.7603]","[0.0013, 0.0015]"
wine,MCAR,block,0.1,5,mice_pca,200,0.7682420331320177,0.7527911601958477,0.1159352681742757,0.5886974693037258,1.0362219555570822,0.580868883383663,0.5675883418426357,0.0810991108702569,0.4478975848831891,0.7592620899621941,0.0231049649648775,0.0192400759988231,0.0135130456885531,0.0108560653006861,0.0805178483942653,,"[0.5887, 1.0362]","[0.4479, 0.7593]","[0.0109, 0.0805]"
wine,MCAR,block,0.1,5,vbpca_vb_modern,200,0.7543111896347997,0.7452019145340645,0.1036240849742377,0.591169559205796,1.0082911749086318,0.5698774172158754,0.5662784135837755,0.0710067374782589,0.455686328098637,0.725682094368495,12.8923425700804,14.491012518999923,2.103861107144689,9.865291397823604,15.280106862754474,0.1289170534649936,"[0.5912, 1.0083]","[0.4557, 0.7257]","[9.8653, 15.2801]"
wine,MCAR,block,0.3,5,mean_pca,200,59.86683989099671,2.826317795741148,109.37132462043886,0.5945422984925411,336.3480087852785,29.27384050804143,1.9054143116760829,54.24424433552903,0.4137645951035782,173.42107909604522,0.0014263933801339,0.0014305290023912,4.270266103345754e-05,0.0013394059506026,0.0015130812775168,,"[0.5945, 336.3480]","[0.4138, 173.4211]","[0.0013, 0.0015]"
wine,MCAR,block,0.3,5,mice_pca,200,59.86683989099671,2.826317795741148,109.37132462043886,0.5945422984925411,336.3480087852785,29.27384050804143,1.9054143116760829,54.24424433552903,0.4137645951035782,173.42107909604522,0.0046280411002225,0.0046573845029342,0.000216078899898,0.0042320360515077,0.0051283863740535,,"[0.5945, 336.3480]","[0.4138, 173.4211]","[0.0042, 0.0051]"
wine,MCAR,block,0.3,5,vbpca_vb_modern,200,59.86663068086138,2.826317795741148,109.37110562403385,0.594542298492541,336.3480087852785,29.27386452275239,1.9054143116760829,54.24404675191919,0.4137645951035782,173.42107909604522,11.341589745295025,12.808152494497335,1.873265801782344,8.741720136944604,13.491784925026334,44.882239821093314,"[0.5945, 336.3480]","[0.4138, 173.4211]","[8.7417, 13.4918]"
wine,MCAR,block,0.5,5,mean_pca,200,47.14199108490315,2.5701890873993944,96.50605475212704,0.5842072734217783,296.9399227634601,22.61212220303201,1.67650659039548,46.58265718913324,0.4048919962335216,139.39857175141273,0.0014249858054608,0.0014322780007205,4.239266293226301e-05,0.0013268390448501,0.0014910819698342,,"[0.5842, 296.9399]","[0.4049, 139.3986]","[0.0013, 0.0015]"
wine,MCAR,block,0.5,5,mice_pca,200,47.14199108490315,2.5701890873993944,96.50605475212704,0.5842072734217783,296.9399227634601,22.61212220303201,1.67650659039548,46.58265718913324,0.4048919962335216,139.39857175141273,0.0046097199047653,0.0046570859994972,0.0001803471965892,0.0042231313222145,0.0048672722714399,,"[0.5842, 296.9399]","[0.4049, 139.3986]","[0.0042, 0.0049]"
wine,MCAR,block,0.5,5,vbpca_vb_modern,200,47.14305808854204,2.5701890873993944,96.50555379790262,0.5842072734217784,296.9399227634601,22.61370772572945,1.67650659039548,46.58192894118815,0.4048919962335216,139.39857175141273,11.388626215484765,12.832399941002222,1.861756815588425,8.709655321123865,13.49184110919978,44.86011159259871,"[0.5842, 296.9399]","[0.4049, 139.3986]","[8.7097, 13.4918]"
wine,MCAR,random,0.1,5,mean_pca,200,0.7902262194066709,0.7934705402571136,0.0454232158623749,0.710716283528172,0.8807788616775586,0.6116948353803879,0.611128068100596,0.0323180365891975,0.5519205209136209,0.6749059809632799,0.0014371719148402,0.0014430014998651,4.930551646175677e-05,0.001354050352711,0.001497238900265,,"[0.7107, 0.8808]","[0.5519, 0.6749]","[0.0014, 0.0015]"
wine,MCAR,random,0.1,5,mice_pca,200,0.7455889100567663,0.7432834610377184,0.0477108451821811,0.6662725939909439,0.8362955233086297,0.5653711261620087,0.5621836239281333,0.0316314183683741,0.5071418207487889,0.6269581745752844,0.0756548176950672,0.0719508504989789,0.0147512489532212,0.0516959747694272,0.1129121738751564,,"[0.6663, 0.8363]","[0.5071, 0.6270]","[0.0517, 0.1129]"
wine,MCAR,random,0.1,5,vbpca_vb_modern,200,0.7336413466663697,0.7347037473046409,0.0496693586741116,0.6468670191348111,0.8341851517647063,0.5548461864055212,0.5541278071555565,0.0321178089451424,0.4933277543702505,0.6187699233910691,12.83311609536042,14.532896734999667,2.128100267469768,9.837005210573803,15.229231651476036,0.1297247958419129,"[0.6469, 0.8342]","[0.4933, 0.6188]","[9.8370, 15.2292]"
wine,MCAR,random,0.3,5,mean_pca,200,0.8599983657534068,0.8608330583722437,0.0387178429292883,0.7891509866586893,0.9322979816001236,0.6734078385422114,0.672674356800224,0.0263691094310062,0.6252402998358142,0.7249752442161311,0.0014535760754369,0.0014607474986405,4.7087078911428944e-05,0.0013456301012411,0.0015369960998213,,"[0.7892, 0.9323]","[0.6252, 0.7250]","[0.0013, 0.0015]"
wine,MCAR,random,0.3,5,mice_pca,200,0.8754450357024419,0.8721840180192031,0.0415473736010182,0.7996313420581749,0.9648157406381616,0.6591281558517779,0.6573929171439036,0.0276209832502001,0.6069822734352319,0.7206062713390159,0.2785524860350779,0.3156943920002959,0.1608765711756956,0.0755206717512919,0.6069038770225235,,"[0.7996, 0.9648]","[0.6070, 0.7206]","[0.0755, 0.6069]"
wine,MCAR,random,0.3,5,vbpca_vb_modern,200,0.7800726170406196,0.7773154210793001,0.0368845450151923,0.7157060837424338,0.8582771292241087,0.5895501749492905,0.5889702377835297,0.0229436359820962,0.547679384076832,0.6351246526412677,10.55258745155501,11.915835627001798,1.7418607349628823,8.033254154794303,12.494383748372092,0.1738236134392234,"[0.7157, 0.8583]","[0.5477, 0.6351]","[8.0333, 12.4944]"
wine,MCAR,random,0.5,5,mean_pca,200,0.9238141231805896,0.9242294015627032,0.0345948442483975,0.860501626516325,0.9980067024115848,0.7326902725305454,0.7329612349730773,0.0256174760790809,0.684942645138692,0.7857574468075008,0.0014657306945445,0.001476540495787,4.790828620862324e-05,0.0013577409223216,0.0015402721735881,,"[0.8605, 0.9980]","[0.6849, 0.7858]","[0.0014, 0.0015]"
wine,MCAR,random,0.5,5,mice_pca,200,0.8832098974990142,0.8832320669907665,0.0355233589136336,0.8148606070689517,0.9625429099506232,0.6776959187419351,0.6780158672591776,0.0250692899046225,0.6321615472000052,0.7303223602192619,0.0816221787398171,0.061463835001632,0.0669298460604007,0.0459707560197784,0.3885175114528466,,"[0.8149, 0.9625]","[0.6322, 0.7303]","[0.0460, 0.3885]"
wine,MCAR,random,0.5,5,vbpca_vb_modern,200,0.8318280055296402,0.8314160153720972,0.0334356746526785,0.7643603312916404,0.9026648989081372,0.6339263189703118,0.6325026819566483,0.0224851268711869,0.5928732361851061,0.6812863738538508,8.213119718935232,9.307855578499584,1.3769163041520114,6.284159267055292,9.810636349697962,0.2498016803781323,"[0.7644, 0.9027]","[0.5929, 0.6813]","[6.2842, 9.8106]"
