method,rmse,mae,wall_time_sec,vbpca_mean_variance,mice_converged,mice_n_iter,mice_retry_used,dataset,mechanism,pattern,missing_rate,n_components,synthetic_shape,replicate_id,seed_data,seed_mask,seed_method,n_samples,n_features,n_holdout
mean_pca,0.5589115331174564,0.4276675649112891,0.0021784330001537455,,,,,synthetic,MCAR,random,0.1,5,1000x50,0,33158374,1465339467,1273345680,1000,50,5000
mice_pca,0.4815314718410962,0.3622888232364304,0.5053726730002381,,True,5.0,False,synthetic,MCAR,random,0.1,5,1000x50,0,33158374,1465339467,1273345680,1000,50,5000
vbpca_vb_modern,0.5338762850843038,0.40314188207194607,18.201793099000497,0.02900876620989595,,,,synthetic,MCAR,random,0.1,5,1000x50,0,33158374,1465339467,1273345680,1000,50,5000
mean_pca,0.5608469283022028,0.42598132551049195,0.0017417340004612925,,,,,synthetic,MCAR,random,0.1,5,1000x50,1,115579757,1952249162,473219222,1000,50,5000
mice_pca,0.4871771477948597,0.3605075407605193,0.5149792689990136,,True,5.0,False,synthetic,MCAR,random,0.1,5,1000x50,1,115579757,1952249162,473219222,1000,50,5000
vbpca_vb_modern,0.5349795922475784,0.3987701999662479,16.181640112001332,0.02975093897087064,,,,synthetic,MCAR,random,0.1,5,1000x50,1,115579757,1952249162,473219222,1000,50,5000
mean_pca,0.5261507271957228,0.39977884637501626,0.0021356340002967045,,,,,synthetic,MCAR,random,0.1,5,1000x50,2,547800578,395935448,716435562,1000,50,5000
mice_pca,0.44347015379051846,0.3229463170478195,0.519798510000328,,True,5.0,False,synthetic,MCAR,random,0.1,5,1000x50,2,547800578,395935448,716435562,1000,50,5000
vbpca_vb_modern,0.48829844519154786,0.3582962083168942,24.62667783699908,0.025629708270549098,,,,synthetic,MCAR,random,0.1,5,1000x50,2,547800578,395935448,716435562,1000,50,5000
mean_pca,0.5655489427017282,0.43737445770819094,0.0021830089990544366,,,,,synthetic,MCAR,random,0.1,5,1000x50,3,377755045,746900260,1743959672,1000,50,5000
mice_pca,0.4933978084282586,0.3719979397019054,0.511828228000013,,True,5.0,False,synthetic,MCAR,random,0.1,5,1000x50,3,377755045,746900260,1743959672,1000,50,5000
vbpca_vb_modern,0.5427423601137649,0.4133286706734518,18.26658954999948,0.032029102130480276,,,,synthetic,MCAR,random,0.1,5,1000x50,3,377755045,746900260,1743959672,1000,50,5000
mean_pca,0.6030539678009972,0.47096645858767305,0.002504826999938814,,,,,synthetic,MCAR,random,0.3,5,1000x50,0,969357255,1982868283,965220468,1000,50,15000
mice_pca,0.4488797613172426,0.33157015135710644,0.6772970930014708,,True,7.0,False,synthetic,MCAR,random,0.3,5,1000x50,0,969357255,1982868283,965220468,1000,50,15000
vbpca_vb_modern,0.5050889626786134,0.3757316298168156,25.591239887000484,0.03516273021773976,,,,synthetic,MCAR,random,0.3,5,1000x50,0,969357255,1982868283,965220468,1000,50,15000
mean_pca,0.635618913942264,0.49487147875645865,0.0019930809994548326,,,,,synthetic,MCAR,random,0.3,5,1000x50,1,593938996,1693852805,1760409515,1000,50,15000
mice_pca,0.49613173357068546,0.3693090916632901,0.832819051000115,,True,9.0,False,synthetic,MCAR,random,0.3,5,1000x50,1,593938996,1693852805,1760409515,1000,50,15000
vbpca_vb_modern,0.5567807003382852,0.41860907681466,16.485060514998622,0.041270102574186396,,,,synthetic,MCAR,random,0.3,5,1000x50,1,593938996,1693852805,1760409515,1000,50,15000
mean_pca,0.5905776390596313,0.45902691525021183,0.0019794759991782485,,,,,synthetic,MCAR,random,0.3,5,1000x50,2,1850933495,1911030005,53841429,1000,50,15000
mice_pca,0.4399317537670993,0.32169071693553186,0.6370537769998919,,True,7.0,False,synthetic,MCAR,random,0.3,5,1000x50,2,1850933495,1911030005,53841429,1000,50,15000
vbpca_vb_modern,0.49350536081231705,0.36325390302471894,16.87547108400031,0.03377959013222502,,,,synthetic,MCAR,random,0.3,5,1000x50,2,1850933495,1911030005,53841429,1000,50,15000
mean_pca,0.6245388494408184,0.4876218915142653,0.002079718000459252,,,,,synthetic,MCAR,random,0.3,5,1000x50,3,1101595663,575885763,526057474,1000,50,15000
mice_pca,0.48141771600783045,0.3567129692086298,0.6346374719996675,,True,7.0,False,synthetic,MCAR,random,0.3,5,1000x50,3,1101595663,575885763,526057474,1000,50,15000
vbpca_vb_modern,0.5397434833461698,0.40546588164778197,16.635870978998355,0.039541256189653914,,,,synthetic,MCAR,random,0.3,5,1000x50,3,1101595663,575885763,526057474,1000,50,15000
mean_pca,0.7195643347375379,0.5678880525754658,0.002304928000739892,,,,,synthetic,MCAR,random,0.5,5,1000x50,0,518022750,1770045348,1700981397,1000,50,25000
mice_pca,0.49254310427926873,0.3725143551655911,0.44218236400047317,,True,5.0,False,synthetic,MCAR,random,0.5,5,1000x50,0,518022750,1770045348,1700981397,1000,50,25000
vbpca_vb_modern,0.5637446726309414,0.4254159031976952,9.720925785999498,0.05655664768469938,,,,synthetic,MCAR,random,0.5,5,1000x50,0,518022750,1770045348,1700981397,1000,50,25000
mean_pca,0.7067496624732796,0.5579647128148411,0.0022306730006675934,,,,,synthetic,MCAR,random,0.5,5,1000x50,1,459052467,879613214,1592288369,1000,50,25000
mice_pca,0.4817373010091587,0.3619222374038084,0.3563947119982913,,True,4.0,False,synthetic,MCAR,random,0.5,5,1000x50,1,459052467,879613214,1592288369,1000,50,25000
vbpca_vb_modern,0.5514792630065968,0.4159186978037376,9.537559192998742,0.055205968580710515,,,,synthetic,MCAR,random,0.5,5,1000x50,1,459052467,879613214,1592288369,1000,50,25000
mean_pca,0.7088169948520091,0.5576380535350908,0.0022957069995754864,,,,,synthetic,MCAR,random,0.5,5,1000x50,2,318317950,1352786287,941907327,1000,50,25000
mice_pca,0.4674225318560625,0.35007590596777294,0.36275711999951454,,True,4.0,False,synthetic,MCAR,random,0.5,5,1000x50,2,318317950,1352786287,941907327,1000,50,25000
vbpca_vb_modern,0.5274058710077429,0.3968493746359315,9.650783340000999,0.05149737091926547,,,,synthetic,MCAR,random,0.5,5,1000x50,2,318317950,1352786287,941907327,1000,50,25000
mean_pca,0.7083498539825368,0.5607393172419527,0.002287182000145549,,,,,synthetic,MCAR,random,0.5,5,1000x50,3,1991591921,1587352716,498019042,1000,50,25000
mice_pca,0.4746956497487067,0.3595557957028298,0.515228563999699,,True,6.0,False,synthetic,MCAR,random,0.5,5,1000x50,3,1991591921,1587352716,498019042,1000,50,25000
vbpca_vb_modern,0.5439942254006306,0.412992910621662,10.871900038000604,0.05349065964764206,,,,synthetic,MCAR,random,0.5,5,1000x50,3,1991591921,1587352716,498019042,1000,50,25000
mean_pca,0.7312681511410137,0.5708728313923183,0.001319539000178338,,,,,synthetic,MCAR,block,0.1,5,1000x50,0,1793255565,1716108145,457504877,1000,50,5000
mice_pca,0.5422137099726765,0.40775288516191255,0.07876999300060561,,True,4.0,False,synthetic,MCAR,block,0.1,5,1000x50,0,1793255565,1716108145,457504877,1000,50,5000
vbpca_vb_modern,0.6431932519814294,0.48652495491447445,30.281326236001405,0.03155253146795287,,,,synthetic,MCAR,block,0.1,5,1000x50,0,1793255565,1716108145,457504877,1000,50,5000
mean_pca,0.7159643304827442,0.5586894574777982,0.0012716460005322006,,,,,synthetic,MCAR,block,0.1,5,1000x50,1,1112750942,1705426420,497261917,1000,50,5000
mice_pca,0.55303653079343,0.40770158813080143,0.24110184100027254,,True,10.0,False,synthetic,MCAR,block,0.1,5,1000x50,1,1112750942,1705426420,497261917,1000,50,5000
vbpca_vb_modern,0.6408858583275507,0.4798620415283387,34.21699031299977,0.03145108311539722,,,,synthetic,MCAR,block,0.1,5,1000x50,1,1112750942,1705426420,497261917,1000,50,5000
mean_pca,0.6502531128407317,0.5088147892842239,0.0012798200004908722,,,,,synthetic,MCAR,block,0.1,5,1000x50,2,525711219,356276112,16319298,1000,50,5000
mice_pca,0.4083108849677883,0.3027889299678565,0.21623640500001784,,True,9.0,False,synthetic,MCAR,block,0.1,5,1000x50,2,525711219,356276112,16319298,1000,50,5000
vbpca_vb_modern,0.5436566813335371,0.4014629408905653,23.77253193300021,0.02873390545388361,,,,synthetic,MCAR,block,0.1,5,1000x50,2,525711219,356276112,16319298,1000,50,5000
mean_pca,0.6728868456034872,0.527773872966721,0.0014477240001724567,,,,,synthetic,MCAR,block,0.1,5,1000x50,3,1068993669,34687563,1251391636,1000,50,5000
mice_pca,0.4973933866740676,0.3725595773245744,0.14455395500044688,,True,8.0,False,synthetic,MCAR,block,0.1,5,1000x50,3,1068993669,34687563,1251391636,1000,50,5000
vbpca_vb_modern,0.5671481601601187,0.4283207653959218,31.529880889000196,0.029616444371652107,,,,synthetic,MCAR,block,0.1,5,1000x50,3,1068993669,34687563,1251391636,1000,50,5000
mean_pca,1.862503798189216,1.51631297461269,0.0011836280009447364,,,,,synthetic,MCAR,block,0.3,5,1000x50,0,892880451,395862813,777045672,1000,50,11988
mice_pca,1.8625037981892212,1.5163129746126958,0.007695909000176471,,True,1.0,False,synthetic,MCAR,block,0.3,5,1000x50,0,892880451,395862813,777045672,1000,50,11988
vbpca_vb_modern,0.9898202607447443,0.7874367597810052,20.223595454999668,69.43984314267561,,,,synthetic,MCAR,block,0.3,5,1000x50,0,892880451,395862813,777045672,1000,50,11988
mean_pca,1.547631466288101,1.2581397562529644,0.0012103790013497928,,,,,synthetic,MCAR,block,0.3,5,1000x50,1,31986589,307974985,1011750904,1000,50,11988
mice_pca,1.5476314662881003,1.2581397562529646,0.007903739000539645,,True,1.0,False,synthetic,MCAR,block,0.3,5,1000x50,1,31986589,307974985,1011750904,1000,50,11988
vbpca_vb_modern,1.0401643991239893,0.8247429761789331,20.54898084100023,69.51566196627978,,,,synthetic,MCAR,block,0.3,5,1000x50,1,31986589,307974985,1011750904,1000,50,11988
mean_pca,1.197713654779389,0.9517871530348827,0.0012711380004475359,,,,,synthetic,MCAR,block,0.3,5,1000x50,2,166009390,1563890638,551657761,1000,50,11988
mice_pca,1.1977136547793916,0.9517871530348845,0.008021547999305767,,True,1.0,False,synthetic,MCAR,block,0.3,5,1000x50,2,166009390,1563890638,551657761,1000,50,11988
vbpca_vb_modern,0.9926405474733142,0.7842231901860157,20.560551757000212,68.83588162066218,,,,synthetic,MCAR,block,0.3,5,1000x50,2,166009390,1563890638,551657761,1000,50,11988
mean_pca,1.6038512161071152,1.2698170634176205,0.0012708790000033332,,,,,synthetic,MCAR,block,0.3,5,1000x50,3,1972679534,364416294,1343324047,1000,50,11988
mice_pca,1.6038512161070986,1.2698170634176082,0.007772888000545208,,True,1.0,False,synthetic,MCAR,block,0.3,5,1000x50,3,1972679534,364416294,1343324047,1000,50,11988
vbpca_vb_modern,0.9249366974681044,0.7284687064594357,20.55860460599979,68.17627568573366,,,,synthetic,MCAR,block,0.3,5,1000x50,3,1972679534,364416294,1343324047,1000,50,11988
mean_pca,1.4186856286948089,1.1490336060700044,0.001225625999722979,,,,,synthetic,MCAR,block,0.5,5,1000x50,0,1106683805,1969505726,1326696624,1000,50,11988
mice_pca,1.4186856286948106,1.1490336060700053,0.008206747999793151,,True,1.0,False,synthetic,MCAR,block,0.5,5,1000x50,0,1106683805,1969505726,1326696624,1000,50,11988
vbpca_vb_modern,0.9905613151774499,0.7823725711045789,25.709665172000314,69.66980409891812,,,,synthetic,MCAR,block,0.5,5,1000x50,0,1106683805,1969505726,1326696624,1000,50,11988
mean_pca,1.8546465952133162,1.5181286778063139,0.0012714229997072835,,,,,synthetic,MCAR,block,0.5,5,1000x50,1,1856908173,996800583,468458252,1000,50,11988
mice_pca,1.854646595213332,1.518128677806325,0.008452522999505163,,True,1.0,False,synthetic,MCAR,block,0.5,5,1000x50,1,1856908173,996800583,468458252,1000,50,11988
vbpca_vb_modern,0.9588916292054107,0.751183388621878,21.969642439999006,68.54314459795195,,,,synthetic,MCAR,block,0.5,5,1000x50,1,1856908173,996800583,468458252,1000,50,11988
mean_pca,1.5403062603302948,1.2553918708933682,0.0021270710003591375,,,,,synthetic,MCAR,block,0.5,5,1000x50,2,406430445,1859994493,436386690,1000,50,11988
mice_pca,1.540306260330291,1.2553918708933656,0.013741688000663999,,True,1.0,False,synthetic,MCAR,block,0.5,5,1000x50,2,406430445,1859994493,436386690,1000,50,11988
vbpca_vb_modern,0.9680593725072151,0.7686337959576259,24.171956873000454,70.21800692822131,,,,synthetic,MCAR,block,0.5,5,1000x50,2,406430445,1859994493,436386690,1000,50,11988
mean_pca,1.419721102596155,1.1143984858905596,0.002223186000264832,,,,,synthetic,MCAR,block,0.5,5,1000x50,3,1569277833,1132670987,596711166,1000,50,11988
mice_pca,1.4197211025961571,1.1143984858905622,0.014308282001366024,,True,1.0,False,synthetic,MCAR,block,0.5,5,1000x50,3,1569277833,1132670987,596711166,1000,50,11988
vbpca_vb_modern,1.0117218613680756,0.8023862888822545,24.26562553900112,68.05921235244867,,,,synthetic,MCAR,block,0.5,5,1000x50,3,1569277833,1132670987,596711166,1000,50,11988
mean_pca,0.582355482639348,0.44553167742495536,0.0020730329997604713,,,,,synthetic,MAR,random,0.1,5,1000x50,0,881793131,1711637996,972706137,1000,50,5000
mice_pca,0.5050782391093553,0.371760473063341,0.635014195999247,,True,5.0,False,synthetic,MAR,random,0.1,5,1000x50,0,881793131,1711637996,972706137,1000,50,5000
vbpca_vb_modern,0.5566941010206291,0.4140318178688536,26.05540087100053,0.03280758312714408,,,,synthetic,MAR,random,0.1,5,1000x50,0,881793131,1711637996,972706137,1000,50,5000
mean_pca,0.5960335728840777,0.4560507124892557,0.0021624220007652184,,,,,synthetic,MAR,random,0.1,5,1000x50,1,1858049479,2031390834,643037983,1000,50,5000
mice_pca,0.5107072167521342,0.3827359052227633,0.7313435529995331,,True,6.0,False,synthetic,MAR,random,0.1,5,1000x50,1,1858049479,2031390834,643037983,1000,50,5000
vbpca_vb_modern,0.5674456677344386,0.428076263635525,27.25643127799958,0.03289138660863668,,,,synthetic,MAR,random,0.1,5,1000x50,1,1858049479,2031390834,643037983,1000,50,5000
mean_pca,0.5514953234404657,0.41900635878534576,0.002170833000491257,,,,,synthetic,MAR,random,0.1,5,1000x50,2,1129167025,1131814256,1166011179,1000,50,5000
mice_pca,0.4710917399288497,0.3430173005511656,0.7878412200007006,,True,6.0,False,synthetic,MAR,random,0.1,5,1000x50,2,1129167025,1131814256,1166011179,1000,50,5000
vbpca_vb_modern,0.5203247374904132,0.3830310660012911,26.687112361998516,0.027395244828805707,,,,synthetic,MAR,random,0.1,5,1000x50,2,1129167025,1131814256,1166011179,1000,50,5000
mean_pca,0.5545847839494629,0.42373298119636227,0.002061376999336062,,,,,synthetic,MAR,random,0.1,5,1000x50,3,153516747,794201560,1252494947,1000,50,5000
mice_pca,0.47531225545181854,0.3519247416065097,0.6385247340003843,,True,5.0,False,synthetic,MAR,random,0.1,5,1000x50,3,153516747,794201560,1252494947,1000,50,5000
vbpca_vb_modern,0.5262794018674505,0.3931499481915679,26.67059362100008,0.029624431132550207,,,,synthetic,MAR,random,0.1,5,1000x50,3,153516747,794201560,1252494947,1000,50,5000
mean_pca,0.649053718732619,0.5102680095268811,0.002585083999292692,,,,,synthetic,MAR,random,0.3,5,1000x50,0,1972064322,510900102,1383168686,1000,50,15000
mice_pca,0.47334705927070564,0.35692091663460607,2.13144721900062,,True,18.0,False,synthetic,MAR,random,0.3,5,1000x50,0,1972064322,510900102,1383168686,1000,50,15000
vbpca_vb_modern,0.5395833980710788,0.40819531224715794,23.366495174001102,0.03906991764567138,,,,synthetic,MAR,random,0.3,5,1000x50,0,1972064322,510900102,1383168686,1000,50,15000
mean_pca,0.6221185955582452,0.48617484490916735,0.002631745001053787,,,,,synthetic,MAR,random,0.3,5,1000x50,1,1642746920,1984971981,372871098,1000,50,15000
mice_pca,0.44359797191098127,0.3327706619196331,1.465070227999604,,True,12.0,False,synthetic,MAR,random,0.3,5,1000x50,1,1642746920,1984971981,372871098,1000,50,15000
vbpca_vb_modern,0.5060976386431355,0.3826771375404043,21.02824105900072,0.03598529395757937,,,,synthetic,MAR,random,0.3,5,1000x50,1,1642746920,1984971981,372871098,1000,50,15000
mean_pca,0.6589662957079445,0.5116707279116017,0.002511039998353226,,,,,synthetic,MAR,random,0.3,5,1000x50,2,1448038571,671608880,944998020,1000,50,15000
mice_pca,0.49308670560328477,0.36851360217571705,1.5039895699992485,,True,12.0,False,synthetic,MAR,random,0.3,5,1000x50,2,1448038571,671608880,944998020,1000,50,15000
vbpca_vb_modern,0.5602401502685751,0.4178289894130496,20.607179703998554,0.04213726090918171,,,,synthetic,MAR,random,0.3,5,1000x50,2,1448038571,671608880,944998020,1000,50,15000
mean_pca,0.6359987260848053,0.49771110255331874,0.002413940999758779,,,,,synthetic,MAR,random,0.3,5,1000x50,3,31083701,1551035837,69904718,1000,50,15000
mice_pca,0.4574110543425014,0.3428127789924773,1.4777357059992937,,True,14.0,False,synthetic,MAR,random,0.3,5,1000x50,3,31083701,1551035837,69904718,1000,50,15000
vbpca_vb_modern,0.5213336243211925,0.392948437124352,30.293186238999624,0.03629159009860593,,,,synthetic,MAR,random,0.3,5,1000x50,3,31083701,1551035837,69904718,1000,50,15000
mean_pca,0.7847117185047064,0.6150149771618328,0.002703936999751022,,,,,synthetic,MAR,random,0.5,5,1000x50,0,803059054,1066659082,1436707478,1000,50,25000
mice_pca,0.5393140793887385,0.4098897552180838,0.5323495240008924,,True,5.0,False,synthetic,MAR,random,0.5,5,1000x50,0,803059054,1066659082,1436707478,1000,50,25000
vbpca_vb_modern,0.5895888435133813,0.450217289694864,17.500469802000225,0.0670430520329426,,,,synthetic,MAR,random,0.5,5,1000x50,0,803059054,1066659082,1436707478,1000,50,25000
mean_pca,0.7679883580543445,0.6002527621872416,0.0026607549989421386,,,,,synthetic,MAR,random,0.5,5,1000x50,1,1005693509,1801464637,274212879,1000,50,25000
mice_pca,0.5198213397916394,0.3873599756076104,0.5462627859997156,,True,5.0,False,synthetic,MAR,random,0.5,5,1000x50,1,1005693509,1801464637,274212879,1000,50,25000
vbpca_vb_modern,0.5651289314083768,0.4248374322470336,20.696250402999794,0.06120024246395643,,,,synthetic,MAR,random,0.5,5,1000x50,1,1005693509,1801464637,274212879,1000,50,25000
mean_pca,0.7774673653756854,0.6107729638816572,0.0028208919993630843,,,,,synthetic,MAR,random,0.5,5,1000x50,2,563165443,553111267,815560736,1000,50,25000
mice_pca,0.5392000849615576,0.40522486798226864,0.49702427400006854,,True,5.0,False,synthetic,MAR,random,0.5,5,1000x50,2,563165443,553111267,815560736,1000,50,25000
vbpca_vb_modern,0.5940930007936137,0.44897650228133795,18.443466179000097,0.06972037895216585,,,,synthetic,MAR,random,0.5,5,1000x50,2,563165443,553111267,815560736,1000,50,25000
mean_pca,0.7574327560878623,0.5948697269628184,0.002726911001445842,,,,,synthetic,MAR,random,0.5,5,1000x50,3,6831379,921954850,818336756,1000,50,25000
mice_pca,0.5100427063381184,0.3892008888609777,0.5462058029988839,,True,5.0,False,synthetic,MAR,random,0.5,5,1000x50,3,6831379,921954850,818336756,1000,50,25000
vbpca_vb_modern,0.5572345213822755,0.42591734591871855,19.301369812999837,0.06209722666701349,,,,synthetic,MAR,random,0.5,5,1000x50,3,6831379,921954850,818336756,1000,50,25000
mean_pca,0.7291480836487553,0.5725496038122284,0.0020848719996138243,,,,,synthetic,MAR,block,0.1,5,1000x50,0,1257204109,1236678030,603990709,1000,50,5000
mice_pca,0.5286061532764011,0.403300953202689,0.09829074700064666,,True,4.0,False,synthetic,MAR,block,0.1,5,1000x50,0,1257204109,1236678030,603990709,1000,50,5000
vbpca_vb_modern,0.6257125229751539,0.4791188803457434,25.822618034999323,0.02719630962733538,,,,synthetic,MAR,block,0.1,5,1000x50,0,1257204109,1236678030,603990709,1000,50,5000
mean_pca,0.6701823918358994,0.5299925093300739,0.0022862729983899044,,,,,synthetic,MAR,block,0.1,5,1000x50,1,917617123,1080484779,1793368634,1000,50,5000
mice_pca,0.3730683418137668,0.28217612688488086,0.32072973100002855,,True,11.0,False,synthetic,MAR,block,0.1,5,1000x50,1,917617123,1080484779,1793368634,1000,50,5000
vbpca_vb_modern,0.4627640148677166,0.35438081640884,38.1180551940015,0.03174725626832083,,,,synthetic,MAR,block,0.1,5,1000x50,1,917617123,1080484779,1793368634,1000,50,5000
mean_pca,0.7278334176664446,0.5738716901733095,0.002004596000915626,,,,,synthetic,MAR,block,0.1,5,1000x50,2,165097156,1323904880,172157002,1000,50,5000
mice_pca,0.5207838786693872,0.3902015058765311,0.11680502799936221,,True,4.0,False,synthetic,MAR,block,0.1,5,1000x50,2,165097156,1323904880,172157002,1000,50,5000
vbpca_vb_modern,0.6151738761396089,0.4797961199128196,37.984633843001575,0.03290226162143301,,,,synthetic,MAR,block,0.1,5,1000x50,2,165097156,1323904880,172157002,1000,50,5000
mean_pca,0.6853448297583757,0.5406759046497744,0.002214652999100508,,,,,synthetic,MAR,block,0.1,5,1000x50,3,571410849,953565535,1741656721,1000,50,5000
mice_pca,0.4739833694684891,0.3544987387461915,0.105590270999528,,True,4.0,False,synthetic,MAR,block,0.1,5,1000x50,3,571410849,953565535,1741656721,1000,50,5000
vbpca_vb_modern,0.5536601654410483,0.4203804223334422,39.14884353100024,0.02994819034733986,,,,synthetic,MAR,block,0.1,5,1000x50,3,571410849,953565535,1741656721,1000,50,5000
mean_pca,1.369720821367841,1.1112531742956238,0.001982947000215063,,,,,synthetic,MAR,block,0.3,5,1000x50,0,723223800,1072639628,1243123087,1000,50,11988
mice_pca,1.3697208213678447,1.1112531742956266,0.012247437000041828,,True,1.0,False,synthetic,MAR,block,0.3,5,1000x50,0,723223800,1072639628,1243123087,1000,50,11988
vbpca_vb_modern,1.036277004796082,0.8202496548030439,21.422174889001326,69.92812727902954,,,,synthetic,MAR,block,0.3,5,1000x50,0,723223800,1072639628,1243123087,1000,50,11988
mean_pca,1.7257172169853323,1.4337912611286698,0.0019207320001441985,,,,,synthetic,MAR,block,0.3,5,1000x50,1,1629532755,849927323,1215667055,1000,50,11988
mice_pca,1.7257172169853383,1.4337912611286756,0.013154833999578841,,True,1.0,False,synthetic,MAR,block,0.3,5,1000x50,1,1629532755,849927323,1215667055,1000,50,11988
vbpca_vb_modern,1.0226040229119298,0.802467578630365,22.92623840700071,68.57188688414358,,,,synthetic,MAR,block,0.3,5,1000x50,1,1629532755,849927323,1215667055,1000,50,11988
mean_pca,1.425577775187809,1.147153200350936,0.0019176549994881498,,,,,synthetic,MAR,block,0.3,5,1000x50,2,1801403296,939396022,2014090198,1000,50,11988
mice_pca,1.4255777751878074,1.1471532003509342,0.012143808999098837,,True,1.0,False,synthetic,MAR,block,0.3,5,1000x50,2,1801403296,939396022,2014090198,1000,50,11988
vbpca_vb_modern,0.9284058675161552,0.7369860453975081,21.389812831999734,67.58857841090953,,,,synthetic,MAR,block,0.3,5,1000x50,2,1801403296,939396022,2014090198,1000,50,11988
mean_pca,1.462997680149529,1.1618886854190498,0.002011034001043299,,,,,synthetic,MAR,block,0.3,5,1000x50,3,850735190,929911029,47749916,1000,50,11988
mice_pca,1.4629976801495403,1.161888685419057,0.012871974000518094,,True,1.0,False,synthetic,MAR,block,0.3,5,1000x50,3,850735190,929911029,47749916,1000,50,11988
vbpca_vb_modern,1.1275485443117197,0.8403383062838633,22.21894138300013,67.50993724429478,,,,synthetic,MAR,block,0.3,5,1000x50,3,850735190,929911029,47749916,1000,50,11988
mean_pca,1.6449909262890503,1.311869546875851,0.0019458070000837324,,,,,synthetic,MAR,block,0.5,5,1000x50,0,1145088216,1007923142,891377204,1000,50,11988
mice_pca,1.6449909262890452,1.3118695468758474,0.012410280000040075,,True,1.0,False,synthetic,MAR,block,0.5,5,1000x50,0,1145088216,1007923142,891377204,1000,50,11988
vbpca_vb_modern,0.9970835802671002,0.7920151445829563,21.621231299999636,69.12485668884364,,,,synthetic,MAR,block,0.5,5,1000x50,0,1145088216,1007923142,891377204,1000,50,11988
mean_pca,1.3719731799439567,1.0954931522688407,0.001983860998734599,,,,,synthetic,MAR,block,0.5,5,1000x50,1,1339081471,1176425484,2031763099,1000,50,11988
mice_pca,1.3719731799439507,1.0954931522688363,0.011847857998873224,,True,1.0,False,synthetic,MAR,block,0.5,5,1000x50,1,1339081471,1176425484,2031763099,1000,50,11988
vbpca_vb_modern,1.0106205597200657,0.8065333481348621,21.44546862000061,68.37762222441222,,,,synthetic,MAR,block,0.5,5,1000x50,1,1339081471,1176425484,2031763099,1000,50,11988
mean_pca,1.4568056620926577,1.19320098269302,0.002078227000311017,,,,,synthetic,MAR,block,0.5,5,1000x50,2,873253819,934855638,1744060416,1000,50,11988
mice_pca,1.4568056620926573,1.1932009826930199,0.013042435000897967,,True,1.0,False,synthetic,MAR,block,0.5,5,1000x50,2,873253819,934855638,1744060416,1000,50,11988
vbpca_vb_modern,0.9803143993167245,0.7821496088305822,23.653261371000553,69.07150108163657,,,,synthetic,MAR,block,0.5,5,1000x50,2,873253819,934855638,1744060416,1000,50,11988
mean_pca,1.6408855769044894,1.3633474993621115,0.0021127250001882203,,,,,synthetic,MAR,block,0.5,5,1000x50,3,1042906971,537439779,1114791282,1000,50,11988
mice_pca,1.6408855769044814,1.3633474993621033,0.013399829000263708,,True,1.0,False,synthetic,MAR,block,0.5,5,1000x50,3,1042906971,537439779,1114791282,1000,50,11988
vbpca_vb_modern,1.0160859184763762,0.8036235881385984,32.16788906200054,68.30725671688592,,,,synthetic,MAR,block,0.5,5,1000x50,3,1042906971,537439779,1114791282,1000,50,11988
mean_pca,0.7385639842255032,0.5960292556571339,0.001051830999131198,,,,,diabetes,MCAR,random,0.1,5,1000x50,0,1088190918,877442447,1140137344,442,10,442
mice_pca,0.7030429120352231,0.5180797214826321,0.1348212400007469,,True,18.0,False,diabetes,MCAR,random,0.1,5,1000x50,0,1088190918,877442447,1140137344,442,10,442
vbpca_vb_modern,0.7176046169173166,0.5589995020590689,2.6404474480004865,0.1431722688697761,,,,diabetes,MCAR,random,0.1,5,1000x50,0,1088190918,877442447,1140137344,442,10,442
mean_pca,0.8140381862708261,0.6307905024907378,0.0010840459999599261,,,,,diabetes,MCAR,random,0.1,5,1000x50,1,1242954340,2084823303,151076919,442,10,442
mice_pca,0.7204853647636666,0.5288108160703625,0.3213268199997401,,True,23.0,True,diabetes,MCAR,random,0.1,5,1000x50,1,1242954340,2084823303,151076919,442,10,442
vbpca_vb_modern,0.7575133329587096,0.5756702514828587,2.599871369000539,0.14043644906883884,,,,diabetes,MCAR,random,0.1,5,1000x50,1,1242954340,2084823303,151076919,442,10,442
mean_pca,0.7732887924525308,0.625292934195697,0.000996049000605126,,,,,diabetes,MCAR,random,0.1,5,1000x50,2,1960719644,1048796290,814917965,442,10,442
mice_pca,0.6488187910059893,0.4713362455561763,0.31692393199955404,,True,23.0,True,diabetes,MCAR,random,0.1,5,1000x50,2,1960719644,1048796290,814917965,442,10,442
vbpca_vb_modern,0.681532926195113,0.5318837695324933,2.60967016199902,0.14527843818708883,,,,diabetes,MCAR,random,0.1,5,1000x50,2,1960719644,1048796290,814917965,442,10,442
mean_pca,0.7919198451806224,0.617569284083701,0.0010229929994238773,,,,,diabetes,MCAR,random,0.1,5,1000x50,3,1310276040,248246865,1597468218,442,10,442
mice_pca,0.7118499144414367,0.509634729040127,0.378341414998431,,True,32.0,True,diabetes,MCAR,random,0.1,5,1000x50,3,1310276040,248246865,1597468218,442,10,442
vbpca_vb_modern,0.7494014263782681,0.5654045745986823,2.6587229689994274,0.14347324617140042,,,,diabetes,MCAR,random,0.1,5,1000x50,3,1310276040,248246865,1597468218,442,10,442
mean_pca,0.8839232555336842,0.6961074945860111,0.0011256829984631622,,,,,diabetes,MCAR,random,0.3,5,1000x50,0,202485893,923053584,433131173,442,10,1326
mice_pca,0.7927155430463936,0.5876213081909323,0.47883793599976343,,True,43.0,True,diabetes,MCAR,random,0.3,5,1000x50,0,202485893,923053584,433131173,442,10,1326
vbpca_vb_modern,0.7861018455334091,0.6076159996922907,2.231826203998935,0.1909607066350565,,,,diabetes,MCAR,random,0.3,5,1000x50,0,202485893,923053584,433131173,442,10,1326
mean_pca,0.8452622477456553,0.6787274023876951,0.0011195810002391227,,,,,diabetes,MCAR,random,0.3,5,1000x50,1,650262628,1011214180,12648749,442,10,1326
mice_pca,0.7794865858874255,0.578018067254391,0.4728660429991578,,True,44.0,True,diabetes,MCAR,random,0.3,5,1000x50,1,650262628,1011214180,12648749,442,10,1326
vbpca_vb_modern,0.7938881730167354,0.6192559461159755,2.2021206690005783,0.18842886974596185,,,,diabetes,MCAR,random,0.3,5,1000x50,1,650262628,1011214180,12648749,442,10,1326
mean_pca,0.8388669325809159,0.6706421404547187,0.0011476780000521103,,,,,diabetes,MCAR,random,0.3,5,1000x50,2,1908354161,1624526217,2058055077,442,10,1326
mice_pca,0.8104734999239473,0.5972787043560923,0.46434768099970825,,True,41.0,True,diabetes,MCAR,random,0.3,5,1000x50,2,1908354161,1624526217,2058055077,442,10,1326
vbpca_vb_modern,0.7911204148683395,0.6092586257676125,2.3591173109998635,0.18661813800623692,,,,diabetes,MCAR,random,0.3,5,1000x50,2,1908354161,1624526217,2058055077,442,10,1326
mean_pca,0.8538149063889531,0.6793462427446181,0.0011445199997979216,,,,,diabetes,MCAR,random,0.3,5,1000x50,3,166593126,378496905,1052241298,442,10,1326
mice_pca,0.7920534756552609,0.5822617592722545,0.6116761860012048,,False,60.0,True,diabetes,MCAR,random,0.3,5,1000x50,3,166593126,378496905,1052241298,442,10,1326
vbpca_vb_modern,0.7934676366459125,0.6102614558290128,2.2643788019995554,0.1946526688549252,,,,diabetes,MCAR,random,0.3,5,1000x50,3,166593126,378496905,1052241298,442,10,1326
mean_pca,0.9024511490542908,0.7313721583801408,0.0010535359997447813,,,,,diabetes,MCAR,random,0.5,5,1000x50,0,1836830550,653610477,643126122,442,10,2210
mice_pca,0.8614535018850822,0.6700924417320367,0.03133174100003089,,True,4.0,False,diabetes,MCAR,random,0.5,5,1000x50,0,1836830550,653610477,643126122,442,10,2210
vbpca_vb_modern,0.8203552096501422,0.6431007517440935,1.792409272000441,0.26018463382928153,,,,diabetes,MCAR,random,0.5,5,1000x50,0,1836830550,653610477,643126122,442,10,2210
mean_pca,0.9079096860208449,0.736249998658417,0.0010418780002510175,,,,,diabetes,MCAR,random,0.5,5,1000x50,1,1805651843,3247489,2041131371,442,10,2210
mice_pca,0.8816645288815324,0.6844564639034901,0.061333634999755304,,True,8.0,False,diabetes,MCAR,random,0.5,5,1000x50,1,1805651843,3247489,2041131371,442,10,2210
vbpca_vb_modern,0.8365281828815508,0.6700409531168586,1.7936409810008627,0.2529194459523683,,,,diabetes,MCAR,random,0.5,5,1000x50,1,1805651843,3247489,2041131371,442,10,2210
mean_pca,0.8920856394702729,0.7211010257750999,0.0011177699998370372,,,,,diabetes,MCAR,random,0.5,5,1000x50,2,407920293,684777943,696117697,442,10,2210
mice_pca,0.9079135239785803,0.6750758873699492,0.34120637600062764,,True,24.0,True,diabetes,MCAR,random,0.5,5,1000x50,2,407920293,684777943,696117697,442,10,2210
vbpca_vb_modern,0.8197082237929513,0.6408342417012906,1.8483901859999605,0.25704004579518447,,,,diabetes,MCAR,random,0.5,5,1000x50,2,407920293,684777943,696117697,442,10,2210
mean_pca,0.907997442527108,0.7372022731097052,0.0010737880002125166,,,,,diabetes,MCAR,random,0.5,5,1000x50,3,1927942719,1763833526,724838116,442,10,2210
mice_pca,0.878158988509964,0.6785238731713773,0.040831368998624384,,True,5.0,False,diabetes,MCAR,random,0.5,5,1000x50,3,1927942719,1763833526,724838116,442,10,2210
vbpca_vb_modern,0.8443969469436166,0.6637901231995976,1.7895521110003756,0.2622465857633266,,,,diabetes,MCAR,random,0.5,5,1000x50,3,1927942719,1763833526,724838116,442,10,2210
mean_pca,0.8776616065244899,0.7029535272400992,0.0010258239999529906,,,,,diabetes,MCAR,block,0.1,5,1000x50,0,733041285,1743997476,607445022,442,10,442
mice_pca,0.8411080513445968,0.660395316633879,0.009714853000332369,,True,5.0,False,diabetes,MCAR,block,0.1,5,1000x50,0,733041285,1743997476,607445022,442,10,442
vbpca_vb_modern,0.8810983375179084,0.6903685069209486,2.73470731100133,0.12975558228303088,,,,diabetes,MCAR,block,0.1,5,1000x50,0,733041285,1743997476,607445022,442,10,442
mean_pca,0.8285581710751029,0.6509629235681358,0.0010233569992124103,,,,,diabetes,MCAR,block,0.1,5,1000x50,1,1715503563,1752680832,1407214201,442,10,442
mice_pca,0.6729577870125077,0.48617715722734295,0.00666778999948292,,True,3.0,False,diabetes,MCAR,block,0.1,5,1000x50,1,1715503563,1752680832,1407214201,442,10,442
vbpca_vb_modern,0.7610280758688233,0.5819219617261383,2.9462311070001306,0.1365253263369872,,,,diabetes,MCAR,block,0.1,5,1000x50,1,1715503563,1752680832,1407214201,442,10,442
mean_pca,0.8748319740736886,0.6969642909352068,0.0010392599997430807,,,,,diabetes,MCAR,block,0.1,5,1000x50,2,1596526395,491136928,1207633723,442,10,442
mice_pca,0.722831203179887,0.5408627291991285,0.0048168650009756675,,True,2.0,False,diabetes,MCAR,block,0.1,5,1000x50,2,1596526395,491136928,1207633723,442,10,442
vbpca_vb_modern,0.8388034363783844,0.6534314556340164,2.7201623439996183,0.14067930646835425,,,,diabetes,MCAR,block,0.1,5,1000x50,2,1596526395,491136928,1207633723,442,10,442
mean_pca,0.893644659722735,0.7792029605409102,0.001067961000444484,,,,,diabetes,MCAR,block,0.1,5,1000x50,3,295653661,124095016,911330081,442,10,442
mice_pca,0.8946800919520771,0.7282696935406751,0.0064198109994322294,,True,3.0,False,diabetes,MCAR,block,0.1,5,1000x50,3,295653661,124095016,911330081,442,10,442
vbpca_vb_modern,0.9271119129821396,0.7337021392439592,2.7405409319999308,0.13614629562311803,,,,diabetes,MCAR,block,0.1,5,1000x50,3,295653661,124095016,911330081,442,10,442
mean_pca,1.101296761693615,0.867860624402752,0.0010468679993209662,,,,,diabetes,MCAR,block,0.3,5,1000x50,0,632529546,325426993,1129929776,442,10,882
mice_pca,1.1012967616936145,0.8678606244027517,0.0029374940004345262,,True,1.0,False,diabetes,MCAR,block,0.3,5,1000x50,0,632529546,325426993,1129929776,442,10,882
vbpca_vb_modern,1.074313703456263,0.8623460426487901,2.4649163160011085,24.856435902342387,,,,diabetes,MCAR,block,0.3,5,1000x50,0,632529546,325426993,1129929776,442,10,882
mean_pca,1.2421664104000707,1.0249609736395184,0.0009949920004146406,,,,,diabetes,MCAR,block,0.3,5,1000x50,1,1875339376,533930745,384671782,442,10,882
mice_pca,1.2421664104000705,1.024960973639518,0.0029068160001770593,,True,1.0,False,diabetes,MCAR,block,0.3,5,1000x50,1,1875339376,533930745,384671782,442,10,882
vbpca_vb_modern,0.9732975993694303,0.7779099251081414,2.5418869820005057,27.69114524444705,,,,diabetes,MCAR,block,0.3,5,1000x50,1,1875339376,533930745,384671782,442,10,882
mean_pca,1.9628485633132418,1.7169690206337367,0.001047596999342204,,,,,diabetes,MCAR,block,0.3,5,1000x50,2,1864729514,65057289,1261974513,442,10,882
mice_pca,1.9628485633132462,1.716969020633741,0.0028746059997502016,,True,1.0,False,diabetes,MCAR,block,0.3,5,1000x50,2,1864729514,65057289,1261974513,442,10,882
vbpca_vb_modern,0.7862621069494301,0.614778528953618,2.4450681660000555,25.12349691963762,,,,diabetes,MCAR,block,0.3,5,1000x50,2,1864729514,65057289,1261974513,442,10,882
mean_pca,1.2627478864044792,0.9261838518089173,0.0009900160002871417,,,,,diabetes,MCAR,block,0.3,5,1000x50,3,1200979535,1003335513,920854416,442,10,882
mice_pca,1.2627478864044772,0.9261838518089152,0.002809925999827101,,True,1.0,False,diabetes,MCAR,block,0.3,5,1000x50,3,1200979535,1003335513,920854416,442,10,882
vbpca_vb_modern,1.1454367463840416,0.9134899871186405,2.4425942310008395,26.079806865960848,,,,diabetes,MCAR,block,0.3,5,1000x50,3,1200979535,1003335513,920854416,442,10,882
mean_pca,1.5374285888959474,1.2045086513924657,0.0011148480007250328,,,,,diabetes,MCAR,block,0.5,5,1000x50,0,58737176,1843823922,145440466,442,10,882
mice_pca,1.5374285888959476,1.204508651392464,0.0031020129990793066,,True,1.0,False,diabetes,MCAR,block,0.5,5,1000x50,0,58737176,1843823922,145440466,442,10,882
vbpca_vb_modern,0.8869836387308254,0.7443439413883567,2.5101494750015263,26.31040571466357,,,,diabetes,MCAR,block,0.5,5,1000x50,0,58737176,1843823922,145440466,442,10,882
mean_pca,1.0603323479931832,0.8270549446045751,0.0011519899999257177,,,,,diabetes,MCAR,block,0.5,5,1000x50,1,345382748,1890704726,773853676,442,10,882
mice_pca,1.0603323479931843,0.8270549446045756,0.003251900001487229,,True,1.0,False,diabetes,MCAR,block,0.5,5,1000x50,1,345382748,1890704726,773853676,442,10,882
vbpca_vb_modern,1.0217974273851902,0.8223709349663509,2.658008324999173,26.46033499303569,,,,diabetes,MCAR,block,0.5,5,1000x50,1,345382748,1890704726,773853676,442,10,882
mean_pca,1.4429385939744444,1.1610760298672267,0.0010528000002523186,,,,,diabetes,MCAR,block,0.5,5,1000x50,2,985606383,1375484614,1210021372,442,10,882
mice_pca,1.442938593974448,1.1610760298672294,0.0028947049995622365,,True,1.0,False,diabetes,MCAR,block,0.5,5,1000x50,2,985606383,1375484614,1210021372,442,10,882
vbpca_vb_modern,0.9162502261067107,0.7126254664596721,2.388974352999867,25.661458428325428,,,,diabetes,MCAR,block,0.5,5,1000x50,2,985606383,1375484614,1210021372,442,10,882
mean_pca,1.4204386411461005,1.1231486213966342,0.001112820998969255,,,,,diabetes,MCAR,block,0.5,5,1000x50,3,1999477677,2013875707,562213413,442,10,882
mice_pca,1.420438641146092,1.1231486213966269,0.0028707980000035604,,True,1.0,False,diabetes,MCAR,block,0.5,5,1000x50,3,1999477677,2013875707,562213413,442,10,882
vbpca_vb_modern,0.9578748365866357,0.757524629885848,2.4238939010010654,25.541027894644568,,,,diabetes,MCAR,block,0.5,5,1000x50,3,1999477677,2013875707,562213413,442,10,882
mean_pca,0.8046730495288706,0.6422425462834875,0.0010389389990450582,,,,,diabetes,MAR,random,0.1,5,1000x50,0,1639636746,1477680090,533305768,442,10,442
mice_pca,0.724574749476728,0.533956901735949,0.3169113149997429,,True,23.0,True,diabetes,MAR,random,0.1,5,1000x50,0,1639636746,1477680090,533305768,442,10,442
vbpca_vb_modern,0.7641405197563618,0.5956608130736288,2.6252925870012405,0.1423150953109507,,,,diabetes,MAR,random,0.1,5,1000x50,0,1639636746,1477680090,533305768,442,10,442
mean_pca,0.8216548783883636,0.6485741910185086,0.0010508390005270485,,,,,diabetes,MAR,random,0.1,5,1000x50,1,320088133,1750783089,1589470701,442,10,442
mice_pca,0.7671037345638332,0.5525884530186066,0.13185660000090138,,True,18.0,False,diabetes,MAR,random,0.1,5,1000x50,1,320088133,1750783089,1589470701,442,10,442
vbpca_vb_modern,0.7863886790044814,0.5996781551050071,2.6020275639984902,0.1412676852924506,,,,diabetes,MAR,random,0.1,5,1000x50,1,320088133,1750783089,1589470701,442,10,442
mean_pca,0.7906724588373175,0.6076371115117223,0.0010613190006552031,,,,,diabetes,MAR,random,0.1,5,1000x50,2,804814962,629602010,1481763411,442,10,442
mice_pca,0.7037769244470803,0.5132730217979188,0.11320508400058316,,True,15.0,False,diabetes,MAR,random,0.1,5,1000x50,2,804814962,629602010,1481763411,442,10,442
vbpca_vb_modern,0.735931862004771,0.562179635567299,2.6900844709998637,0.1444017389147317,,,,diabetes,MAR,random,0.1,5,1000x50,2,804814962,629602010,1481763411,442,10,442
mean_pca,0.7736481408159828,0.6152916573019611,0.0010564130006969208,,,,,diabetes,MAR,random,0.1,5,1000x50,3,523438625,995607112,493537779,442,10,442
mice_pca,0.7002461279517475,0.5183597371197324,0.0973748689993954,,True,13.0,False,diabetes,MAR,random,0.1,5,1000x50,3,523438625,995607112,493537779,442,10,442
vbpca_vb_modern,0.738637535883663,0.5688781269156409,2.6052331470000354,0.1436277506097392,,,,diabetes,MAR,random,0.1,5,1000x50,3,523438625,995607112,493537779,442,10,442
mean_pca,0.8514669297490187,0.6821731261978092,0.001056503999279812,,,,,diabetes,MAR,random,0.3,5,1000x50,0,1329263822,795967315,1430111878,442,10,1326
mice_pca,0.7880396633342213,0.5699148185532112,0.3500414970003476,,True,26.0,True,diabetes,MAR,random,0.3,5,1000x50,0,1329263822,795967315,1430111878,442,10,1326
vbpca_vb_modern,0.7676981933404763,0.5872922474076528,2.1814540849991317,0.19644604004241717,,,,diabetes,MAR,random,0.3,5,1000x50,0,1329263822,795967315,1430111878,442,10,1326
mean_pca,0.8490379182855569,0.6778687876291213,0.0010691320003388682,,,,,diabetes,MAR,random,0.3,5,1000x50,1,705566677,1343731451,1315637971,442,10,1326
mice_pca,0.791308992281296,0.5778167597943313,0.41331920999982685,,True,36.0,True,diabetes,MAR,random,0.3,5,1000x50,1,705566677,1343731451,1315637971,442,10,1326
vbpca_vb_modern,0.7898887467408218,0.6163050017612703,2.1676156249995984,0.19227219828590777,,,,diabetes,MAR,random,0.3,5,1000x50,1,705566677,1343731451,1315637971,442,10,1326
mean_pca,0.8983926436376333,0.7105669411371026,0.001102546999391052,,,,,diabetes,MAR,random,0.3,5,1000x50,2,967718354,1169767413,383004705,442,10,1326
mice_pca,0.8383562144652409,0.618446983632284,0.6661646720003773,,False,60.0,True,diabetes,MAR,random,0.3,5,1000x50,2,967718354,1169767413,383004705,442,10,1326
vbpca_vb_modern,0.8376018594683806,0.6495452609538438,2.3786526050007524,0.18380202918120578,,,,diabetes,MAR,random,0.3,5,1000x50,2,967718354,1169767413,383004705,442,10,1326
mean_pca,0.8609884593988661,0.6845901308527974,0.0010552410003583645,,,,,diabetes,MAR,random,0.3,5,1000x50,3,1609846308,1545956749,633409504,442,10,1326
mice_pca,0.7891719798057227,0.5781697362612187,0.564809769999556,,True,54.0,True,diabetes,MAR,random,0.3,5,1000x50,3,1609846308,1545956749,633409504,442,10,1326
vbpca_vb_modern,0.7950775362712439,0.6174321200067695,2.1873879760005366,0.19084952307578532,,,,diabetes,MAR,random,0.3,5,1000x50,3,1609846308,1545956749,633409504,442,10,1326
mean_pca,0.9527269680781295,0.7600476102555,0.001085467998564127,,,,,diabetes,MAR,random,0.5,5,1000x50,0,905428137,2062773423,273411540,442,10,2207
mice_pca,0.9115653981130886,0.6984645671228842,0.14475996200053487,,True,20.0,False,diabetes,MAR,random,0.5,5,1000x50,0,905428137,2062773423,273411540,442,10,2207
vbpca_vb_modern,0.8891576062840785,0.6946022976177182,1.7020033469998452,0.2572830787221348,,,,diabetes,MAR,random,0.5,5,1000x50,0,905428137,2062773423,273411540,442,10,2207
mean_pca,0.9520407527932362,0.7615041097788235,0.0011180290002812399,,,,,diabetes,MAR,random,0.5,5,1000x50,1,1167120336,1141448459,1459052247,442,10,2204
mice_pca,0.928263934428714,0.7113742001800356,0.47227424000084284,,True,46.0,True,diabetes,MAR,random,0.5,5,1000x50,1,1167120336,1141448459,1459052247,442,10,2204
vbpca_vb_modern,0.8543495078817014,0.6729423448879577,1.7157138160000613,0.2723340723617821,,,,diabetes,MAR,random,0.5,5,1000x50,1,1167120336,1141448459,1459052247,442,10,2204
mean_pca,0.9189893922342209,0.7387059416043411,0.001129825999669265,,,,,diabetes,MAR,random,0.5,5,1000x50,2,956965953,1478025480,239186886,442,10,2209
mice_pca,0.9447230407130147,0.7101658925319047,0.6042864089995419,,False,60.0,True,diabetes,MAR,random,0.5,5,1000x50,2,956965953,1478025480,239186886,442,10,2209
vbpca_vb_modern,0.8608010101645278,0.6742663978115374,1.7878241930011427,0.2654421024027675,,,,diabetes,MAR,random,0.5,5,1000x50,2,956965953,1478025480,239186886,442,10,2209
mean_pca,0.9491467622426488,0.7547584235147429,0.0010470029992575292,,,,,diabetes,MAR,random,0.5,5,1000x50,3,327057019,1145311939,311437637,442,10,2206
mice_pca,0.9235237905897129,0.7120297937337433,0.12935263500003202,,True,18.0,False,diabetes,MAR,random,0.5,5,1000x50,3,327057019,1145311939,311437637,442,10,2206
vbpca_vb_modern,0.8614668105832529,0.6777367113476515,1.7403343850000965,0.266029938574374,,,,diabetes,MAR,random,0.5,5,1000x50,3,327057019,1145311939,311437637,442,10,2206
mean_pca,0.8588247906781248,0.691295484084134,0.001058906000253046,,,,,diabetes,MAR,block,0.1,5,1000x50,0,48637220,992231552,1504247352,442,10,442
mice_pca,0.7672009677621889,0.5905437722294662,0.005971653001324739,,True,3.0,False,diabetes,MAR,block,0.1,5,1000x50,0,48637220,992231552,1504247352,442,10,442
vbpca_vb_modern,0.826306052622638,0.647522304375279,2.7838112310000724,0.12855102068211338,,,,diabetes,MAR,block,0.1,5,1000x50,0,48637220,992231552,1504247352,442,10,442
mean_pca,0.8811207542875269,0.6939646404851497,0.000993450999885681,,,,,diabetes,MAR,block,0.1,5,1000x50,1,1120843727,1880545477,584211658,442,10,442
mice_pca,0.7390306672414635,0.5788070412893787,0.005995397001242964,,True,3.0,False,diabetes,MAR,block,0.1,5,1000x50,1,1120843727,1880545477,584211658,442,10,442
vbpca_vb_modern,0.8198947115667959,0.6441490293643396,2.672065583999938,0.12190479097514564,,,,diabetes,MAR,block,0.1,5,1000x50,1,1120843727,1880545477,584211658,442,10,442
mean_pca,0.7198060179927757,0.564302066619604,0.0010190119992330438,,,,,diabetes,MAR,block,0.1,5,1000x50,2,964808202,386806787,548455536,442,10,442
mice_pca,0.43273703469735353,0.28214999508644645,0.00891838099960296,,True,5.0,False,diabetes,MAR,block,0.1,5,1000x50,2,964808202,386806787,548455536,442,10,442
vbpca_vb_modern,0.5666429316367352,0.4326969595633022,2.620186603999173,0.15436866833750676,,,,diabetes,MAR,block,0.1,5,1000x50,2,964808202,386806787,548455536,442,10,442
mean_pca,0.7575052431382016,0.5674318733229328,0.0010539249997236766,,,,,diabetes,MAR,block,0.1,5,1000x50,3,1082162293,1294501140,1416562565,442,10,442
mice_pca,0.6238200737778162,0.4496609968754856,0.004655029999412363,,True,2.0,False,diabetes,MAR,block,0.1,5,1000x50,3,1082162293,1294501140,1416562565,442,10,442
vbpca_vb_modern,0.6768286842423779,0.48930848044263014,2.6553758549998747,0.14246608053663373,,,,diabetes,MAR,block,0.1,5,1000x50,3,1082162293,1294501140,1416562565,442,10,442
mean_pca,1.7063532832581318,1.3904959784535778,0.0011665389993140707,,,,,diabetes,MAR,block,0.3,5,1000x50,0,564774768,491246447,880286850,442,10,882
mice_pca,1.706353283258125,1.390495978453572,0.003163655999742332,,True,1.0,False,diabetes,MAR,block,0.3,5,1000x50,0,564774768,491246447,880286850,442,10,882
vbpca_vb_modern,1.0351972486578784,0.8248591039308892,2.6696530429999257,25.44189924344301,,,,diabetes,MAR,block,0.3,5,1000x50,0,564774768,491246447,880286850,442,10,882
mean_pca,1.262747886404479,0.9261838518089173,0.0010124010004801676,,,,,diabetes,MAR,block,0.3,5,1000x50,1,469049578,488180368,2050630113,442,10,882
mice_pca,1.2627478864044772,0.9261838518089152,0.0028117769998061704,,True,1.0,False,diabetes,MAR,block,0.3,5,1000x50,1,469049578,488180368,2050630113,442,10,882
vbpca_vb_modern,1.1521037675633028,0.9190000771930166,2.4212541799988685,26.906252274600828,,,,diabetes,MAR,block,0.3,5,1000x50,1,469049578,488180368,2050630113,442,10,882
mean_pca,1.2828724802987679,1.007296332083093,0.000995802998659201,,,,,diabetes,MAR,block,0.3,5,1000x50,2,723462480,1556695721,684205812,442,10,882
mice_pca,1.2828724802987657,1.0072963320830908,0.002876349999496597,,True,1.0,False,diabetes,MAR,block,0.3,5,1000x50,2,723462480,1556695721,684205812,442,10,882
vbpca_vb_modern,0.8971928931237061,0.7159837221388989,2.4884315870003775,25.794367141404837,,,,diabetes,MAR,block,0.3,5,1000x50,2,723462480,1556695721,684205812,442,10,882
mean_pca,1.5600425392877193,1.2684656218024613,0.0010748470012913458,,,,,diabetes,MAR,block,0.3,5,1000x50,3,73737819,106462559,2108006528,442,10,882
mice_pca,1.5600425392877173,1.2684656218024597,0.002851422999810893,,True,1.0,False,diabetes,MAR,block,0.3,5,1000x50,3,73737819,106462559,2108006528,442,10,882
vbpca_vb_modern,1.2273485287116848,0.9610914361341599,2.417907054999887,26.67193071078956,,,,diabetes,MAR,block,0.3,5,1000x50,3,73737819,106462559,2108006528,442,10,882
mean_pca,1.0411738134798734,0.8223712628636057,0.0011114549997728318,,,,,diabetes,MAR,block,0.5,5,1000x50,0,783916794,18245377,813718535,442,10,882
mice_pca,1.041173813479874,0.8223712628636061,0.0032192139988183044,,True,1.0,False,diabetes,MAR,block,0.5,5,1000x50,0,783916794,18245377,813718535,442,10,882
vbpca_vb_modern,0.9609073008707723,0.764392890415826,3.7045021539997833,25.75106681780088,,,,diabetes,MAR,block,0.5,5,1000x50,0,783916794,18245377,813718535,442,10,882
mean_pca,1.4658832606284236,1.191280875469912,0.0011109589995612623,,,,,diabetes,MAR,block,0.5,5,1000x50,1,569001307,1443252070,1969938614,442,10,882
mice_pca,1.4658832606284267,1.1912808754699142,0.0033144290009659017,,True,1.0,False,diabetes,MAR,block,0.5,5,1000x50,1,569001307,1443252070,1969938614,442,10,882
vbpca_vb_modern,1.275385353191016,1.0078596582384478,3.6798228309999104,26.778790469630994,,,,diabetes,MAR,block,0.5,5,1000x50,1,569001307,1443252070,1969938614,442,10,882
mean_pca,1.2736493838071414,0.9941917092076406,0.0010538629994698567,,,,,diabetes,MAR,block,0.5,5,1000x50,2,1920553815,172631305,8413222,442,10,882
mice_pca,1.2736493838071423,0.9941917092076409,0.003224277001208975,,True,1.0,False,diabetes,MAR,block,0.5,5,1000x50,2,1920553815,172631305,8413222,442,10,882
vbpca_vb_modern,1.0782236951504336,0.8560261076009517,2.59955564899974,28.010970105821958,,,,diabetes,MAR,block,0.5,5,1000x50,2,1920553815,172631305,8413222,442,10,882
mean_pca,1.1934049137864091,0.9483311464077983,0.0010401859999547014,,,,,diabetes,MAR,block,0.5,5,1000x50,3,1835487997,387410349,310692344,442,10,882
mice_pca,1.1934049137864118,0.9483311464078007,0.0027771620007115416,,True,1.0,False,diabetes,MAR,block,0.5,5,1000x50,3,1835487997,387410349,310692344,442,10,882
vbpca_vb_modern,0.8971295977845738,0.717447954360188,2.4107583869990776,24.51432056287154,,,,diabetes,MAR,block,0.5,5,1000x50,3,1835487997,387410349,310692344,442,10,882
mean_pca,0.8595656697137588,0.6572273564754478,0.001184085998829687,,,,,wine,MCAR,random,0.1,5,1000x50,0,2032739216,384917282,1844468778,178,13,231
mice_pca,0.8464389314914936,0.6207362603891031,0.05877505399985239,,True,5.0,False,wine,MCAR,random,0.1,5,1000x50,0,2032739216,384917282,1844468778,178,13,231
vbpca_vb_modern,0.8380124074022052,0.6180980665055951,2.091445157000635,0.12071991199611454,,,,wine,MCAR,random,0.1,5,1000x50,0,2032739216,384917282,1844468778,178,13,231
mean_pca,0.7898676848790817,0.6234863363312131,0.001046873001541826,,,,,wine,MCAR,random,0.1,5,1000x50,1,1685073451,430781711,1922908518,178,13,231
mice_pca,0.7147960655621418,0.552498713523292,0.06819102300141822,,True,7.0,False,wine,MCAR,random,0.1,5,1000x50,1,1685073451,430781711,1922908518,178,13,231
vbpca_vb_modern,0.7327809641192915,0.5491156651732267,1.337423408000177,0.1242828844558467,,,,wine,MCAR,random,0.1,5,1000x50,1,1685073451,430781711,1922908518,178,13,231
mean_pca,0.7542007142375563,0.5913243075589113,0.001004679001198383,,,,,wine,MCAR,random,0.1,5,1000x50,2,1342431125,989419430,1048388400,178,13,231
mice_pca,0.7107906074041099,0.5627341716127621,0.03845472800094285,,True,4.0,False,wine,MCAR,random,0.1,5,1000x50,2,1342431125,989419430,1048388400,178,13,231
vbpca_vb_modern,0.7059108249998423,0.5552577426008137,1.3562982450002892,0.12493024885932492,,,,wine,MCAR,random,0.1,5,1000x50,2,1342431125,989419430,1048388400,178,13,231
mean_pca,0.7400979704833643,0.6002148550673908,0.001034443999742507,,,,,wine,MCAR,random,0.1,5,1000x50,3,82643077,1867497048,677112889,178,13,231
mice_pca,0.6888606162703361,0.5455431871760732,0.05653555500066432,,True,6.0,False,wine,MCAR,random,0.1,5,1000x50,3,82643077,1867497048,677112889,178,13,231
vbpca_vb_modern,0.6789225896709694,0.5402276690068855,1.3529067620002024,0.12682620459894312,,,,wine,MCAR,random,0.1,5,1000x50,3,82643077,1867497048,677112889,178,13,231
mean_pca,0.8135727280772134,0.6470233085392828,0.0011493349993543234,,,,,wine,MCAR,random,0.3,5,1000x50,0,598020914,32842003,562388316,178,13,694
mice_pca,0.8391748257585137,0.6410442412172364,0.2069606280001608,,True,20.0,False,wine,MCAR,random,0.3,5,1000x50,0,598020914,32842003,562388316,178,13,694
vbpca_vb_modern,0.7629657046241866,0.5801300771172833,1.2230832430013834,0.17001950234943658,,,,wine,MCAR,random,0.3,5,1000x50,0,598020914,32842003,562388316,178,13,694
mean_pca,0.7988627540876184,0.6376892037588814,0.001091330001145252,,,,,wine,MCAR,random,0.3,5,1000x50,1,749844778,95931196,1415857483,178,13,694
mice_pca,0.8188586734031438,0.6135638590911756,0.12484231400048884,,True,13.0,False,wine,MCAR,random,0.3,5,1000x50,1,749844778,95931196,1415857483,178,13,694
vbpca_vb_modern,0.7418991890868348,0.5725261578653821,1.1239933569995628,0.17019377202499514,,,,wine,MCAR,random,0.3,5,1000x50,1,749844778,95931196,1415857483,178,13,694
mean_pca,0.8109516043699473,0.6460549805314925,0.0011263680007687071,,,,,wine,MCAR,random,0.3,5,1000x50,2,305076652,569547306,1030287363,178,13,694
mice_pca,0.8543706941902908,0.636839509874183,0.1340807959986705,,True,14.0,False,wine,MCAR,random,0.3,5,1000x50,2,305076652,569547306,1030287363,178,13,694
vbpca_vb_modern,0.7471151030414018,0.5738813559792538,1.1532932150003035,0.1622513782384902,,,,wine,MCAR,random,0.3,5,1000x50,2,305076652,569547306,1030287363,178,13,694
mean_pca,0.8580322800925708,0.6561465364274766,0.0010304329989594407,,,,,wine,MCAR,random,0.3,5,1000x50,3,1400199792,398756272,1991748555,178,13,694
mice_pca,0.8661458124430441,0.648754125423839,0.11890219300039462,,True,12.0,False,wine,MCAR,random,0.3,5,1000x50,3,1400199792,398756272,1991748555,178,13,694
vbpca_vb_modern,0.7959054277860529,0.5869700987043878,1.081883081998967,0.16236500254754357,,,,wine,MCAR,random,0.3,5,1000x50,3,1400199792,398756272,1991748555,178,13,694
mean_pca,0.8876622559165697,0.7053434983339232,0.0010579059999145102,,,,,wine,MCAR,random,0.5,5,1000x50,0,1112793014,1001025361,1605012746,178,13,1157
mice_pca,0.8731794977684989,0.6679586843848065,0.059242647999781184,,True,6.0,False,wine,MCAR,random,0.5,5,1000x50,0,1112793014,1001025361,1605012746,178,13,1157
vbpca_vb_modern,0.8348366540734153,0.6320058726721284,0.8600262199997815,0.23569518126242897,,,,wine,MCAR,random,0.5,5,1000x50,0,1112793014,1001025361,1605012746,178,13,1157
mean_pca,0.8952572066570277,0.7146604121744697,0.0010404449985799147,,,,,wine,MCAR,random,0.5,5,1000x50,1,444764394,603847913,1981513751,178,13,1157
mice_pca,0.8590614811361511,0.6671296844421363,0.040594288999272976,,True,4.0,False,wine,MCAR,random,0.5,5,1000x50,1,444764394,603847913,1981513751,178,13,1157
vbpca_vb_modern,0.8264253245165828,0.6329823195055525,0.8446741129992006,0.22474579251919807,,,,wine,MCAR,random,0.5,5,1000x50,1,444764394,603847913,1981513751,178,13,1157
mean_pca,0.8937712527391569,0.7095263549994847,0.0012278699996386422,,,,,wine,MCAR,random,0.5,5,1000x50,2,1511520391,2031211604,1347625633,178,13,1157
mice_pca,0.8504449874560379,0.6523531095664771,0.044907390998560004,,True,4.0,False,wine,MCAR,random,0.5,5,1000x50,2,1511520391,2031211604,1347625633,178,13,1157
vbpca_vb_modern,0.8195684295260931,0.6335086997993364,0.9337829040014185,0.23722494116375048,,,,wine,MCAR,random,0.5,5,1000x50,2,1511520391,2031211604,1347625633,178,13,1157
mean_pca,0.877289053098101,0.7027218955576718,0.0011029510005755583,,,,,wine,MCAR,random,0.5,5,1000x50,3,289707685,1622002779,1931959039,178,13,1157
mice_pca,0.8387225770991211,0.6448223506499012,0.05061330599892244,,True,5.0,False,wine,MCAR,random,0.5,5,1000x50,3,289707685,1622002779,1931959039,178,13,1157
vbpca_vb_modern,0.7993410638095806,0.6161004928288173,0.8438415510008781,0.23433333918477667,,,,wine,MCAR,random,0.5,5,1000x50,3,289707685,1622002779,1931959039,178,13,1157
mean_pca,0.8537124161748033,0.6673661464567532,0.001113906999307801,,,,,wine,MCAR,block,0.1,5,1000x50,0,267623987,627385558,1677746020,178,13,231
mice_pca,0.7274270752515932,0.5499759472894095,0.01318571799856727,,True,5.0,False,wine,MCAR,block,0.1,5,1000x50,0,267623987,627385558,1677746020,178,13,231
vbpca_vb_modern,0.7317336435663678,0.5557992847433182,1.3529672540007596,0.1242521727757736,,,,wine,MCAR,block,0.1,5,1000x50,0,267623987,627385558,1677746020,178,13,231
mean_pca,0.7634316642199618,0.5992432079093294,0.0011072220004280098,,,,,wine,MCAR,block,0.1,5,1000x50,1,275254667,2086768352,253567760,178,13,231
mice_pca,0.6769207661995826,0.5236638911836908,0.013385375999860116,,True,5.0,False,wine,MCAR,block,0.1,5,1000x50,1,275254667,2086768352,253567760,178,13,231
vbpca_vb_modern,0.6732669971166432,0.5191928606076242,1.391182706998734,0.12385150347204882,,,,wine,MCAR,block,0.1,5,1000x50,1,275254667,2086768352,253567760,178,13,231
mean_pca,0.8609816869087512,0.6704263506667378,0.0011712080013239756,,,,,wine,MCAR,block,0.1,5,1000x50,2,54823672,1630906621,10581151,178,13,231
mice_pca,1.0847839153068668,0.7385641622166581,0.03838594400076545,,True,14.0,False,wine,MCAR,block,0.1,5,1000x50,2,54823672,1630906621,10581151,178,13,231
vbpca_vb_modern,0.884258186513942,0.6589081712621335,2.0424474780011224,0.12413819212032871,,,,wine,MCAR,block,0.1,5,1000x50,2,54823672,1630906621,10581151,178,13,231
mean_pca,0.8757331140833814,0.656773033577266,0.0010682709998945938,,,,,wine,MCAR,block,0.1,5,1000x50,3,189928853,1448687004,1638855889,178,13,231
mice_pca,0.7648120722157669,0.5511200243304968,0.012203673999465536,,True,5.0,False,wine,MCAR,block,0.1,5,1000x50,3,189928853,1448687004,1638855889,178,13,231
vbpca_vb_modern,0.7580140835536536,0.5552384221510056,1.3281883740000922,0.11901968073313862,,,,wine,MCAR,block,0.1,5,1000x50,3,189928853,1448687004,1638855889,178,13,231
mean_pca,1.280631999273032,1.0683288080935187,0.0011610279998421902,,,,,wine,MCAR,block,0.3,5,1000x50,0,1901574174,514576925,1747789931,178,13,531
mice_pca,1.2806319992730326,1.0683288080935192,0.0038017700007912936,,True,1.0,False,wine,MCAR,block,0.3,5,1000x50,0,1901574174,514576925,1747789931,178,13,531
vbpca_vb_modern,1.0373950648711756,0.8536312323533206,1.756071626999983,32.76269208809358,,,,wine,MCAR,block,0.3,5,1000x50,0,1901574174,514576925,1747789931,178,13,531
mean_pca,1.1749792099035619,0.9047102990570484,0.0011150289992656326,,,,,wine,MCAR,block,0.3,5,1000x50,1,899331340,1661498686,307128183,178,13,531
mice_pca,1.1749792099035614,0.904710299057048,0.0033354639999743085,,True,1.0,False,wine,MCAR,block,0.3,5,1000x50,1,899331340,1661498686,307128183,178,13,531
vbpca_vb_modern,0.9056706915518612,0.700143431832628,1.1725216459999501,30.699095349829516,,,,wine,MCAR,block,0.3,5,1000x50,1,899331340,1661498686,307128183,178,13,531
mean_pca,1.5792749783758082,1.284280226775605,0.0011618690004979726,,,,,wine,MCAR,block,0.3,5,1000x50,2,1563019371,1401597715,877058794,178,13,531
mice_pca,1.579274978375807,1.2842802267756044,0.003786621999097406,,True,1.0,False,wine,MCAR,block,0.3,5,1000x50,2,1563019371,1401597715,877058794,178,13,531
vbpca_vb_modern,1.0144282482012583,0.8183932668433841,1.753716130999237,32.99460447584723,,,,wine,MCAR,block,0.3,5,1000x50,2,1563019371,1401597715,877058794,178,13,531
mean_pca,1.3769169093969749,1.0859899386295753,0.001062033999915002,,,,,wine,MCAR,block,0.3,5,1000x50,3,983087791,374223661,845743809,178,13,531
mice_pca,1.3769169093969742,1.0859899386295746,0.0033520090000820346,,True,1.0,False,wine,MCAR,block,0.3,5,1000x50,3,983087791,374223661,845743809,178,13,531
vbpca_vb_modern,1.203685583777319,0.9601575772227827,1.1542046190006658,32.5414931891219,,,,wine,MCAR,block,0.3,5,1000x50,3,983087791,374223661,845743809,178,13,531
mean_pca,1.6749030087576642,1.4071070184998864,0.0010676050005713478,,,,,wine,MCAR,block,0.5,5,1000x50,0,1310918199,1728022403,1282102172,178,13,531
mice_pca,1.674903008757667,1.4071070184998888,0.003354209999088198,,True,1.0,False,wine,MCAR,block,0.5,5,1000x50,0,1310918199,1728022403,1282102172,178,13,531
vbpca_vb_modern,1.163993714483326,0.9257100185222878,1.1498821299992414,31.33599931671039,,,,wine,MCAR,block,0.5,5,1000x50,0,1310918199,1728022403,1282102172,178,13,531
mean_pca,1.267594401500091,1.0797898597458455,0.001059321999491658,,,,,wine,MCAR,block,0.5,5,1000x50,1,985727443,1543589132,1485131694,178,13,531
mice_pca,1.267594401500089,1.079789859745844,0.003401462001420441,,True,1.0,False,wine,MCAR,block,0.5,5,1000x50,1,985727443,1543589132,1485131694,178,13,531
vbpca_vb_modern,1.0459040190780013,0.8794639441782708,1.1620490630011773,33.376943346720125,,,,wine,MCAR,block,0.5,5,1000x50,1,985727443,1543589132,1485131694,178,13,531
mean_pca,1.226392574570149,0.9644383361901342,0.0011483600010251394,,,,,wine,MCAR,block,0.5,5,1000x50,2,2028697019,1679308754,152123679,178,13,531
mice_pca,1.2263925745701487,0.9644383361901337,0.0036316440000518924,,True,1.0,False,wine,MCAR,block,0.5,5,1000x50,2,2028697019,1679308754,152123679,178,13,531
vbpca_vb_modern,0.9359586920935085,0.747922112064004,1.283231977999094,32.59773004111267,,,,wine,MCAR,block,0.5,5,1000x50,2,2028697019,1679308754,152123679,178,13,531
mean_pca,1.521305178990344,1.2390413287528725,0.001074802999937674,,,,,wine,MCAR,block,0.5,5,1000x50,3,1320447446,1527257156,2064571224,178,13,531
mice_pca,1.5213051789903445,1.2390413287528728,0.003429684000366251,,True,1.0,False,wine,MCAR,block,0.5,5,1000x50,3,1320447446,1527257156,2064571224,178,13,531
vbpca_vb_modern,1.1542016216690563,0.9508968649490179,1.1814738849989226,33.71752488644902,,,,wine,MCAR,block,0.5,5,1000x50,3,1320447446,1527257156,2064571224,178,13,531
mean_pca,0.7602917307011039,0.6223427754985896,0.0010300579997419845,,,,,wine,MAR,random,0.1,5,1000x50,0,1632884142,1183001597,92972379,178,13,231
mice_pca,0.6864852829910169,0.5316002403981596,0.047252345000742935,,True,5.0,False,wine,MAR,random,0.1,5,1000x50,0,1632884142,1183001597,92972379,178,13,231
vbpca_vb_modern,0.6826286901265332,0.534960704666264,1.3262577000004967,0.12614661940688987,,,,wine,MAR,random,0.1,5,1000x50,0,1632884142,1183001597,92972379,178,13,231
mean_pca,0.7684989028248024,0.5806993920412994,0.0010814449997269548,,,,,wine,MAR,random,0.1,5,1000x50,1,470325820,1635918725,1163678100,178,13,231
mice_pca,0.7339746643534392,0.5336774410663414,0.057450412001344375,,True,6.0,False,wine,MAR,random,0.1,5,1000x50,1,470325820,1635918725,1163678100,178,13,231
vbpca_vb_modern,0.7241849544656449,0.5223474518748573,1.315985796998575,0.12651321327214884,,,,wine,MAR,random,0.1,5,1000x50,1,470325820,1635918725,1163678100,178,13,231
mean_pca,0.751186221123134,0.5952775274612988,0.0009757510015333537,,,,,wine,MAR,random,0.1,5,1000x50,2,1475596901,525182116,1701887883,178,13,231
mice_pca,0.7160694217440434,0.5369795027643929,0.10385998699894117,,True,11.0,False,wine,MAR,random,0.1,5,1000x50,2,1475596901,525182116,1701887883,178,13,231
vbpca_vb_modern,0.710341894411679,0.5339596869472357,1.327963825999177,0.12554372582316414,,,,wine,MAR,random,0.1,5,1000x50,2,1475596901,525182116,1701887883,178,13,231
mean_pca,0.8039870097713637,0.6172831305878321,0.0010198470008617733,,,,,wine,MAR,random,0.1,5,1000x50,3,178943406,2087956266,1624275222,178,13,231
mice_pca,0.8155358098373283,0.617679510658163,0.07634625599894207,,True,8.0,False,wine,MAR,random,0.1,5,1000x50,3,178943406,2087956266,1624275222,178,13,231
vbpca_vb_modern,0.7636179080024367,0.5789281119349211,1.3083390699994197,0.1228809650485854,,,,wine,MAR,random,0.1,5,1000x50,3,178943406,2087956266,1624275222,178,13,231
mean_pca,0.8437653384623446,0.6474589547153086,0.0010805040001287125,,,,,wine,MAR,random,0.3,5,1000x50,0,1469865812,568004159,1714740666,178,13,694
mice_pca,0.8590757165103706,0.6331458316220285,0.5555643429997872,,True,40.0,True,wine,MAR,random,0.3,5,1000x50,0,1469865812,568004159,1714740666,178,13,694
vbpca_vb_modern,0.8039684266935968,0.5930812160425245,1.0734080439997342,0.1647237983214691,,,,wine,MAR,random,0.3,5,1000x50,0,1469865812,568004159,1714740666,178,13,694
mean_pca,0.8628329125333632,0.6843796735651223,0.0010679850001906743,,,,,wine,MAR,random,0.3,5,1000x50,1,673537709,1818902232,2122450125,178,13,694
mice_pca,0.8875478938760065,0.6761638617765852,0.5484390490000806,,True,38.0,True,wine,MAR,random,0.3,5,1000x50,1,673537709,1818902232,2122450125,178,13,694
vbpca_vb_modern,0.7711349270659826,0.5945804730335751,1.1008894179994968,0.16849467854792843,,,,wine,MAR,random,0.3,5,1000x50,1,673537709,1818902232,2122450125,178,13,694
mean_pca,0.8416777083800885,0.6484961962451822,0.0011604939991229912,,,,,wine,MAR,random,0.3,5,1000x50,2,1842533759,860191392,1943072351,178,13,694
mice_pca,0.9055491757913777,0.6811524227792116,0.44182683000144607,,True,24.0,True,wine,MAR,random,0.3,5,1000x50,2,1842533759,860191392,1943072351,178,13,694
vbpca_vb_modern,0.7901168518521852,0.5961276106419149,1.2060137470016343,0.16666306056745778,,,,wine,MAR,random,0.3,5,1000x50,2,1842533759,860191392,1943072351,178,13,694
mean_pca,0.8178863946183871,0.6577267500817322,0.0011490580000099726,,,,,wine,MAR,random,0.3,5,1000x50,3,947710508,1765122707,1976970717,178,13,694
mice_pca,0.8811562434296851,0.6858071934993873,0.5493901730005746,,True,30.0,True,wine,MAR,random,0.3,5,1000x50,3,947710508,1765122707,1976970717,178,13,694
vbpca_vb_modern,0.7790079740753821,0.6046194187060467,1.6499285629997757,0.16761335058700635,,,,wine,MAR,random,0.3,5,1000x50,3,947710508,1765122707,1976970717,178,13,694
mean_pca,0.9639541915363122,0.7665365291744484,0.0011491389996081125,,,,,wine,MAR,random,0.5,5,1000x50,0,824573082,1696654627,2111543629,178,13,1157
mice_pca,0.9220006361582962,0.7082629041502845,0.06929913200110605,,True,6.0,False,wine,MAR,random,0.5,5,1000x50,0,824573082,1696654627,2111543629,178,13,1157
vbpca_vb_modern,0.8847720444690833,0.6718117498368508,1.3136353230001987,0.22987759767743338,,,,wine,MAR,random,0.5,5,1000x50,0,824573082,1696654627,2111543629,178,13,1157
mean_pca,0.9557971707517823,0.7625995650964582,0.001156020000053104,,,,,wine,MAR,random,0.5,5,1000x50,1,1845723727,436832776,1005788384,178,13,1154
mice_pca,0.9129125227310577,0.6988619815221787,0.14639959799933422,,True,13.0,False,wine,MAR,random,0.5,5,1000x50,1,1845723727,436832776,1005788384,178,13,1154
vbpca_vb_modern,0.8495472831894273,0.6414379776459886,1.2863237319998007,0.24489712493895802,,,,wine,MAR,random,0.5,5,1000x50,1,1845723727,436832776,1005788384,178,13,1154
mean_pca,0.9248376011534192,0.7451160159094151,0.0010982290004903916,,,,,wine,MAR,random,0.5,5,1000x50,2,955632153,456347949,471562565,178,13,1156
mice_pca,0.9095167255373395,0.6966721765219438,0.04978812799890875,,True,5.0,False,wine,MAR,random,0.5,5,1000x50,2,955632153,456347949,471562565,178,13,1156
vbpca_vb_modern,0.8387288845015815,0.6383050563543454,0.8630987870001263,0.26696732996710165,,,,wine,MAR,random,0.5,5,1000x50,2,955632153,456347949,471562565,178,13,1156
mean_pca,0.9402683997778863,0.754788471961063,0.0010598789995128755,,,,,wine,MAR,random,0.5,5,1000x50,3,140958284,1491136694,171399300,178,13,1157
mice_pca,0.8815684044645721,0.6762668960456184,0.07734911199986527,,True,8.0,False,wine,MAR,random,0.5,5,1000x50,3,140958284,1491136694,171399300,178,13,1157
vbpca_vb_modern,0.838964689381677,0.6447022581586235,0.8609729229992809,0.2465552200706615,,,,wine,MAR,random,0.5,5,1000x50,3,140958284,1491136694,171399300,178,13,1157
mean_pca,0.7862964838468094,0.6283912431942846,0.0011714079992088955,,,,,wine,MAR,block,0.1,5,1000x50,0,270809134,294182824,1116254999,178,13,231
mice_pca,0.6227827677140892,0.4521302062211295,0.02043953800057352,,True,7.0,False,wine,MAR,block,0.1,5,1000x50,0,270809134,294182824,1116254999,178,13,231
vbpca_vb_modern,0.6046107064629478,0.4427428054316884,1.8046800510001049,0.12973869200244623,,,,wine,MAR,block,0.1,5,1000x50,0,270809134,294182824,1116254999,178,13,231
mean_pca,0.7510224524719462,0.6159942721748006,0.0009816069996304577,,,,,wine,MAR,block,0.1,5,1000x50,1,578422409,976145035,1669397845,178,13,231
mice_pca,0.651303123901644,0.5285455534713208,0.01693241199973272,,True,7.0,False,wine,MAR,block,0.1,5,1000x50,1,578422409,976145035,1669397845,178,13,231
vbpca_vb_modern,0.6214166522623841,0.5075077038087389,1.3383877689993824,0.12447787643427673,,,,wine,MAR,block,0.1,5,1000x50,1,578422409,976145035,1669397845,178,13,231
mean_pca,0.8525373710399269,0.6844085895591838,0.0010733889994298806,,,,,wine,MAR,block,0.1,5,1000x50,2,773684910,492903350,166173225,178,13,231
mice_pca,0.7587189542625316,0.5666392979556364,0.010322695001377724,,True,4.0,False,wine,MAR,block,0.1,5,1000x50,2,773684910,492903350,166173225,178,13,231
vbpca_vb_modern,0.7118144816914515,0.5409779172047995,1.3572052590006933,0.13096789960109573,,,,wine,MAR,block,0.1,5,1000x50,2,773684910,492903350,166173225,178,13,231
mean_pca,0.7861606148458706,0.6362949762202409,0.0010480529999767896,,,,,wine,MAR,block,0.1,5,1000x50,3,905794818,1754748658,983840716,178,13,231
mice_pca,0.6757759972523965,0.5261206977272117,0.010360262998801772,,True,4.0,False,wine,MAR,block,0.1,5,1000x50,3,905794818,1754748658,983840716,178,13,231
vbpca_vb_modern,0.6527610879733,0.5116156846395634,1.3392780170015612,0.12433954586464521,,,,wine,MAR,block,0.1,5,1000x50,3,905794818,1754748658,983840716,178,13,231
mean_pca,1.6397660382588513,1.3378536755136377,0.0011121919997094665,,,,,wine,MAR,block,0.3,5,1000x50,0,574687964,665045603,36562651,178,13,531
mice_pca,1.6397660382588517,1.3378536755136379,0.00364074200115283,,True,1.0,False,wine,MAR,block,0.3,5,1000x50,0,574687964,665045603,36562651,178,13,531
vbpca_vb_modern,1.4564366892777987,1.0777684738206,1.2052465110009507,32.46908401460718,,,,wine,MAR,block,0.3,5,1000x50,0,574687964,665045603,36562651,178,13,531
mean_pca,1.2468739129463808,0.9588664157094805,0.001090687999749207,,,,,wine,MAR,block,0.3,5,1000x50,1,380128018,222010618,575591732,178,13,531
mice_pca,1.2468739129463793,0.9588664157094793,0.003400018000320415,,True,1.0,False,wine,MAR,block,0.3,5,1000x50,1,380128018,222010618,575591732,178,13,531
vbpca_vb_modern,1.0054467905469338,0.801366799334447,1.1601707179997902,30.63044438781077,,,,wine,MAR,block,0.3,5,1000x50,1,380128018,222010618,575591732,178,13,531
mean_pca,1.427177308660899,1.0857103079639592,0.0011339550001139287,,,,,wine,MAR,block,0.3,5,1000x50,2,2023844122,1830417094,1622669901,178,13,531
mice_pca,1.4271773086609,1.0857103079639607,0.003424071999688749,,True,1.0,False,wine,MAR,block,0.3,5,1000x50,2,2023844122,1830417094,1622669901,178,13,531
vbpca_vb_modern,1.0723297509395397,0.8232946260165113,1.1709431459985353,30.34602120633879,,,,wine,MAR,block,0.3,5,1000x50,2,2023844122,1830417094,1622669901,178,13,531
mean_pca,1.0591171735626788,0.8423408791467905,0.001151045000369777,,,,,wine,MAR,block,0.3,5,1000x50,3,2134753953,662820945,796016880,178,13,531
mice_pca,1.059117173562679,0.8423408791467907,0.0038422129982791375,,True,1.0,False,wine,MAR,block,0.3,5,1000x50,3,2134753953,662820945,796016880,178,13,531
vbpca_vb_modern,0.9458828782634027,0.7639538941626727,1.4700643989999662,31.984620422563683,,,,wine,MAR,block,0.3,5,1000x50,3,2134753953,662820945,796016880,178,13,531
mean_pca,1.6918638481475181,1.4413079568891602,0.0011392550004529767,,,,,wine,MAR,block,0.5,5,1000x50,0,81152548,991602525,1107271431,178,13,531
mice_pca,1.691863848147518,1.4413079568891598,0.0038027139999030624,,True,1.0,False,wine,MAR,block,0.5,5,1000x50,0,81152548,991602525,1107271431,178,13,531
vbpca_vb_modern,1.016491068832531,0.7773232266176734,1.3845380969996768,31.67415943064668,,,,wine,MAR,block,0.5,5,1000x50,0,81152548,991602525,1107271431,178,13,531
mean_pca,1.1513648333353474,0.9306744949378802,0.001084665998860146,,,,,wine,MAR,block,0.5,5,1000x50,1,719382440,1433596147,784773642,178,13,531
mice_pca,1.151364833335348,0.9306744949378806,0.0033426249992771773,,True,1.0,False,wine,MAR,block,0.5,5,1000x50,1,719382440,1433596147,784773642,178,13,531
vbpca_vb_modern,0.8861972310794989,0.6825749127850347,1.165891370999816,30.306283549788173,,,,wine,MAR,block,0.5,5,1000x50,1,719382440,1433596147,784773642,178,13,531
mean_pca,1.2369102665877092,0.9569164404385145,0.0011609070006670663,,,,,wine,MAR,block,0.5,5,1000x50,2,960912491,1475693841,1489786235,178,13,531
mice_pca,1.2369102665877079,0.9569164404385131,0.003728923000380746,,True,1.0,False,wine,MAR,block,0.5,5,1000x50,2,960912491,1475693841,1489786235,178,13,531
vbpca_vb_modern,1.0743018645922473,0.8619394377447653,1.2514835279998806,32.057608141447936,,,,wine,MAR,block,0.5,5,1000x50,2,960912491,1475693841,1489786235,178,13,531
mean_pca,1.3804305594496926,1.077214171130891,0.0010504060010134708,,,,,wine,MAR,block,0.5,5,1000x50,3,1579101234,1482385424,680833038,178,13,531
mice_pca,1.3804305594496942,1.0772141711308922,0.0033803480000642594,,True,1.0,False,wine,MAR,block,0.5,5,1000x50,3,1579101234,1482385424,680833038,178,13,531
vbpca_vb_modern,0.893196336794146,0.6942132545754378,0.978609764999419,32.405953191380696,,,,wine,MAR,block,0.5,5,1000x50,3,1579101234,1482385424,680833038,178,13,531
