dataset,mechanism,pattern,missing_rate,n_components_requested,synthetic_shape,method,n_reps,rmse_mean,rmse_median,rmse_std,rmse_ci_low,rmse_ci_high,mae_mean,mae_median,mae_std,mae_ci_low,mae_ci_high,wall_time_sec_mean,wall_time_sec_median,wall_time_sec_std,wall_time_sec_ci_low,wall_time_sec_ci_high,vbpca_mean_variance_mean,vbpca_mean_variance_median,vbpca_mean_variance_std,vbpca_mean_variance_ci_low,vbpca_mean_variance_ci_high
diabetes,MAR,block,0.1,5,1000x50,mean_pca,200,0.8726203620787979,0.8733544791846539,0.08568259866958526,0.7135977303101043,1.034829219534921,0.6939164886455214,0.690612913499981,0.08280105377742465,0.536479834218109,0.859671475186015,0.0015030633747300675,0.0015061015037644999,4.82567767709321e-05,0.0013995330249599101,0.0015850036530536877,,,,,
diabetes,MAR,block,0.1,5,1000x50,mice_pca,200,0.6981855337653077,0.6941868687332005,0.1599881146618673,0.3505763887042206,1.0075112302827753,0.5105692792375005,0.49137616871043643,0.14860134622528315,0.23849066517957096,0.8266539186576043,0.012864278740016695,0.008721387002879,0.013513637476685504,0.00573710979642775,0.06496807959956641,,,,,
diabetes,MAR,block,0.1,5,1000x50,vbpca_vb_modern,200,0.8156132007177302,0.7998368231810775,0.13926695448539397,0.537643723132001,1.0723646148578327,0.6219861069863372,0.6025883871418956,0.12457689207705488,0.4017086038530659,0.8677086950746404,25.43284457531492,28.84512366800118,4.271504844209014,19.35477480249883,30.279266879399803,0.13637869738715225,0.13668015929406674,0.012752877191391693,0.11156695915332042,0.1591109048416771
diabetes,MAR,block,0.3,5,1000x50,mean_pca,200,0.06439397983518791,0.0620600634218538,0.011549300835603874,0.048113236986553946,0.09169401490069978,0.05163446850732969,0.049248827562641054,0.010673269684479578,0.03809383585345534,0.07680228736659929,0.0014877292395976355,0.00149525850065395,5.0154015771878704e-05,0.0013766034209765701,0.001569058399581915,,,,,
diabetes,MAR,block,0.3,5,1000x50,mice_pca,200,0.06439397983518791,0.0620600634218538,0.011549300835603874,0.048113236986553946,0.09169401490069978,0.05163446850732969,0.049248827562641054,0.010673269684479578,0.03809383585345534,0.07680228736659929,0.003813459035300135,0.00384741349989775,0.0001710530927865871,0.00345984424620833,0.004049276276236848,,,,,
diabetes,MAR,block,0.3,5,1000x50,vbpca_vb_modern,200,0.06519019613308254,0.06211112893006635,0.015938334981781637,0.04811323698655385,0.09587272296672089,0.052150983263331854,0.0494071475556792,0.012687482240333023,0.03809383585345534,0.08229750683346372,23.221268067164928,26.28549855000165,3.878709659014921,17.663991718701617,27.591940440125107,33.54490140860525,30.800884201414682,39.29016307155647,28.26064304015265,32.96687872409655
diabetes,MAR,block,0.5,5,1000x50,mean_pca,200,0.06469846525531746,0.06260632371788011,0.01322712503825879,0.04820394266856983,0.10491320357764203,0.05190464986408801,0.04957727766205735,0.011846109742097728,0.03832521777490969,0.08675013012914917,0.0014933039299648496,0.00149628700091845,4.605784182424133e-05,0.00137770963083311,0.0015793818743986626,,,,,
diabetes,MAR,block,0.5,5,1000x50,mice_pca,200,0.06469846525531746,0.06260632371788011,0.01322712503825879,0.04820394266856983,0.10491320357764203,0.05190464986408801,0.04957727766205735,0.011846109742097728,0.03832521777490969,0.08675013012914917,0.003844437505213084,0.0038555610044568,0.00018562760360650116,0.00344667905137604,0.004139787450003427,,,,,
diabetes,MAR,block,0.5,5,1000x50,vbpca_vb_modern,200,0.06477504951233976,0.06260632371788,0.013267643824628637,0.04820394266856983,0.10491320357764192,0.051978188980977634,0.04957727766205735,0.011894885128434557,0.03832521777490969,0.08675013012914917,23.34452240743496,26.294447175998357,3.885087735244367,17.612702763224114,27.623830880949207,33.03011564834059,30.752869436874338,32.5452563674717,28.62311585200723,32.61494334296725
diabetes,MAR,random,0.1,5,1000x50,mean_pca,200,0.8481711562143162,0.8480051672199258,0.03516273614922806,0.7874641360405626,0.9172838871941941,0.6664796981971939,0.6662827984912691,0.02768968070881307,0.6161578291962055,0.7167483314244406,0.0015060193750104601,0.0015144790013436999,4.647606792690823e-05,0.0013995530507599102,0.001586869803395495,,,,,
diabetes,MAR,random,0.1,5,1000x50,mice_pca,200,0.7317652252877451,0.7329472895574957,0.03319941855519414,0.6711079699165083,0.7918007655019706,0.5264166832883155,0.525928568382617,0.024420217148783487,0.4822545251756405,0.5744110573416954,0.3538763639648096,0.34408846750011435,0.07629011021751567,0.22687541422601498,0.5086260741793013,,,,,
diabetes,MAR,random,0.1,5,1000x50,vbpca_vb_modern,200,0.777202950045588,0.7782050774653045,0.032082594331747524,0.7194091960893052,0.8342644360266372,0.5860878486027672,0.586525475437708,0.025048738530679668,0.538431931323719,0.6315401035062304,25.39905950350996,28.656431847997737,4.272572953733792,19.50782037217577,30.211467780548446,0.14338273980054228,0.1433890343427533,0.0018910834529104034,0.1392301877226899,0.146823745461999
diabetes,MAR,random,0.3,5,1000x50,mean_pca,200,0.90756229800755,0.9091543109932609,0.02610933462506674,0.8599800119175446,0.9531182290739774,0.7200966233251234,0.7206409859716472,0.019565428427340006,0.6819836777679978,0.7560504204880163,0.0015498785550516437,0.0015559280000161,7.04929125650908e-05,0.0014133426495390449,0.001647258372577165,,,,,
diabetes,MAR,random,0.3,5,1000x50,mice_pca,200,0.8323176704534481,0.8257451499638166,0.04278517393221348,0.7713546929765,0.9483785461709252,0.6100734405928221,0.6078216046573663,0.023621925575421174,0.5755731083902549,0.6680556634773501,0.46575407701991933,0.4756351540017931,0.07918592022002416,0.29189552290026766,0.5699184006032738,,,,,
diabetes,MAR,random,0.3,5,1000x50,vbpca_vb_modern,200,0.8249772761718345,0.8252212197669013,0.02147946261892673,0.7816774593351065,0.8651241662425643,0.6322562977850467,0.6320958718014448,0.016500772802725765,0.5985864523651411,0.6626796712247762,21.137476282239913,23.826983717000985,3.7303614440559785,16.04258519477753,25.403310217498436,0.2000131040328832,0.20011482433937156,0.003587263096345831,0.19336549925358948,0.20683244438921752
diabetes,MAR,random,0.5,5,1000x50,mean_pca,200,0.9743833339803959,0.9741624239791978,0.029991916981158315,0.9188755480062322,1.034932104985182,0.7764392847758513,0.7763558474533848,0.021433520639165007,0.7401407830199411,0.8201043574436617,0.0015613958251923985,0.0015693535024183499,5.657199101059373e-05,0.00144601024494472,0.0016459935206512024,,,,,
diabetes,MAR,random,0.5,5,1000x50,mice_pca,200,0.9517780174242424,0.9511902217459396,0.033507077758476375,0.8884729990123084,1.0172527383914929,0.7210647453821086,0.721380461313027,0.023421247054372728,0.676813417587791,0.7640321196311057,0.43599988490499525,0.4643536574985774,0.10622794578435704,0.1281491144251049,0.5414682665752479,,,,,
diabetes,MAR,random,0.5,5,1000x50,vbpca_vb_modern,200,0.8904529754442734,0.8914125554604224,0.026390938914068254,0.8397579571852939,0.940924117944057,0.6909788227761509,0.6907075595918042,0.019256448010824483,0.6543137163071572,0.72999334351028,16.670979730014913,18.859224627500225,2.8348480396839557,12.607220128281005,19.815227362149745,0.29478630617492024,0.2947249382903552,0.005935011302160822,0.2830355343164739,0.30596115233622434
diabetes,MCAR,block,0.1,5,1000x50,mean_pca,200,0.8245379409647131,0.8227976958210592,0.08646313300286608,0.6552890196766779,0.9854983759659537,0.6617493223256067,0.6565559551487462,0.08709098538372341,0.5104698769093661,0.8369031916952279,0.0015075920195521974,0.00152711000191625,8.970384593337058e-05,0.00120839217161117,0.0016164269765795174,,,,,
diabetes,MCAR,block,0.1,5,1000x50,mice_pca,200,0.6818090573454936,0.6823796279515358,0.17450029893396116,0.3274949231654106,0.997460811542968,0.506222627563907,0.4859580659640873,0.15860509531957726,0.23764970082190393,0.8132262116175888,0.012024139344866805,0.00913870500153275,0.010271714643852568,0.006047419997776105,0.05678548855521509,,,,,
diabetes,MCAR,block,0.1,5,1000x50,vbpca_vb_modern,200,0.7887833976662639,0.7801426288528417,0.15258912665941457,0.5139207791488953,1.0832822772731567,0.6036669074837975,0.5943281214342064,0.13528380465499315,0.38318139386686434,0.8614606050127842,26.127423258909694,29.06638152549931,4.905713981860193,16.14352392702167,31.212294817419938,0.1348355109418145,0.1347419866007861,0.012201454990426729,0.11511193555390606,0.16021847665770433
diabetes,MCAR,block,0.3,5,1000x50,mean_pca,200,0.06761232163482787,0.0658510065232836,0.01385471567507596,0.04795865044158496,0.10340042056426822,0.05426290536424322,0.05116039101009415,0.012817719926376533,0.03811339419071168,0.08756502768423521,0.0014828948050489466,0.0014913130034983,4.792960779955137e-05,0.00138556625315686,0.0015600559720041626,,,,,
diabetes,MCAR,block,0.3,5,1000x50,mice_pca,200,0.06761232163482787,0.0658510065232836,0.01385471567507596,0.04795865044158496,0.10340042056426822,0.05426290536424322,0.05116039101009415,0.012817719926376533,0.03811339419071168,0.08756502768423521,0.0038015236096907257,0.00384567899527605,0.0001599406366521166,0.003485042030115365,0.004002057126308428,,,,,
diabetes,MCAR,block,0.3,5,1000x50,vbpca_vb_modern,200,0.06756422890780224,0.0658510065232836,0.013903872876461849,0.04795865044158497,0.10340042056426822,0.05422791478738222,0.05116039101009405,0.012856388038055439,0.03777459885214139,0.08756502768423521,23.062092140679887,26.20186726999964,3.894493671033168,17.692797611427885,27.653623949401847,30.676232063020706,30.812844037380785,1.2976997159591506,28.20845328615736,32.88006766004132
diabetes,MCAR,block,0.5,5,1000x50,mean_pca,200,0.06598772652770818,0.0619784224343934,0.014505281670491173,0.04844114442364344,0.1035166476767341,0.05302410556230026,0.0485765012466883,0.013041216832138235,0.038362265942299224,0.0849955610020315,0.0014860862354179921,0.0014900400019541502,4.250250906997031e-05,0.00139489257398961,0.00155667697272287,,,,,
diabetes,MCAR,block,0.5,5,1000x50,mice_pca,200,0.06598772652770818,0.0619784224343934,0.014505281670491173,0.04844114442364344,0.1035166476767341,0.05302410556230026,0.0485765012466883,0.013041216832138235,0.038362265942299224,0.0849955610020315,0.003817073674872469,0.00384746949930555,0.00014887992872389066,0.00345686420096169,0.004057851070501707,,,,,
diabetes,MCAR,block,0.5,5,1000x50,vbpca_vb_modern,200,0.06598768214810212,0.0619784224343933,0.014505234164622027,0.04844114442364335,0.1035166476767341,0.05302403747149667,0.048576501246688344,0.01304114067141097,0.038362265942299224,0.08499556100203148,23.297143870540094,26.28375679950113,3.9208391928154542,17.70675381735473,27.682898378421307,30.89291428831783,30.871780665078383,1.0609676767635934,28.66930139682191,32.73922650607256
diabetes,MCAR,random,0.1,5,1000x50,mean_pca,200,0.8271422430336934,0.8310891893755487,0.030898156937669702,0.7663689749019561,0.8793655756728532,0.6522441730273937,0.6548485228905695,0.02392430842181791,0.6046753473036625,0.6912356398593006,0.0015207937551894618,0.00153125799988625,7.695609813314991e-05,0.0012233712272062798,0.0016247873487372775,,,,,
diabetes,MCAR,random,0.1,5,1000x50,mice_pca,200,0.709057510089166,0.7063393879750721,0.031981520757307196,0.6572437808122502,0.7705041636685613,0.510283349654436,0.5097929291049581,0.023658747813837557,0.4669384400203713,0.5515013804169601,0.3223652558099275,0.32505702550042764,0.08807396869780912,0.11169566337157447,0.4840722115275639,,,,,
diabetes,MCAR,random,0.1,5,1000x50,vbpca_vb_modern,200,0.7566770317753323,0.7553340882337837,0.031141638224340035,0.7016650045160012,0.8129971175194103,0.5704590839348265,0.5709303515905013,0.02389372587432477,0.5192879626909489,0.6125140304401896,25.63024474822021,28.74533555300513,4.6828300419645466,16.151295598325852,31.11884057107363,0.14344313834023875,0.14341629303228448,0.0020287535151173337,0.13950736994917876,0.14781204677161902
diabetes,MCAR,random,0.3,5,1000x50,mean_pca,200,0.8770828998900615,0.877064690721903,0.022262269916413346,0.8368971101185312,0.9238410925174018,0.6996148322311805,0.6997631228366237,0.01733537899746147,0.667924059282248,0.7363257211513958,0.001539705170216573,0.0015469425015907502,4.806652915778207e-05,0.0014285621729868275,0.0016258636282145702,,,,,
diabetes,MCAR,random,0.3,5,1000x50,mice_pca,200,0.8413392941967058,0.8417833242952205,0.04769040636102447,0.760242042367252,0.9354811393606509,0.606385032440335,0.6071633096726614,0.027302650974129313,0.5553258482470089,0.6529563930109104,0.4553381179549615,0.46099838249938324,0.0651297915926995,0.32754878147497946,0.5411677632007923,,,,,
diabetes,MCAR,random,0.3,5,1000x50,vbpca_vb_modern,200,0.7981167713421137,0.7965694669838981,0.019077679362463226,0.765122388219754,0.8384531484839722,0.6107286901667973,0.6103700141017645,0.014503507563757385,0.5834155408930892,0.6383430101308987,21.05363114806016,23.710432836498512,3.5525944688614715,15.969891791453664,25.110229961381265,0.19694823309168177,0.1971668522860308,0.003605672555773897,0.1896999116207546,0.20306886858868672
diabetes,MCAR,random,0.5,5,1000x50,mean_pca,200,0.922891533064454,0.9209606875970803,0.02140676449053906,0.8828886211607252,0.9624680715081635,0.7424080473071119,0.7412839132466942,0.016047640569422233,0.7115291673533733,0.7725482909224745,0.0015650893499695934,0.0015717780006525,6.153403450884859e-05,0.0014241243496143875,0.0016570875719480026,,,,,
diabetes,MCAR,random,0.5,5,1000x50,mice_pca,200,0.8875212197714112,0.8875768761132872,0.02457161796288223,0.8394316859992955,0.937803697335488,0.6779042122789839,0.678112268861288,0.017379048621543967,0.6471535532653808,0.7124513249903607,0.13033010260958688,0.0594660579990886,0.11669279717770663,0.03883123609903118,0.3877153515439204,,,,,
diabetes,MCAR,random,0.5,5,1000x50,vbpca_vb_modern,200,0.8398906045336904,0.8402506966172779,0.018869277618630106,0.8079561539724571,0.8818656690287573,0.6541775372915174,0.6539411223223972,0.013696461460150383,0.6280049188546721,0.6806219363495213,16.517764142695015,18.751612336000107,2.9291423279214843,12.530270802522317,19.858922932475437,0.2839122571331449,0.28409255008802375,0.005722266495455506,0.2719583724569045,0.294432585698752
synthetic,MAR,block,0.1,5,1000x50,mean_pca,200,0.6151827120019361,0.6119186065428185,0.036147437249113325,0.5492609225938624,0.680404434481096,0.48340072309502724,0.47967920296962696,0.02758458635646926,0.4325128567594462,0.5351271100235143,0.0028639776953058985,0.0029081129978294,0.000143773268670722,0.0026197357001364902,0.00309197297738134,,,,,
synthetic,MAR,block,0.1,5,1000x50,mice_pca,200,0.3682520666804086,0.36769637021781376,0.04840364361557859,0.2771010041310338,0.46324412348756644,0.2678737679687601,0.2680654657827088,0.0355514628360071,0.20022201602899517,0.33593279908306195,0.11889489451536062,0.1239818805006507,0.01404077858411475,0.08660739189781451,0.1552901748795193,,,,,
synthetic,MAR,block,0.1,5,1000x50,vbpca_vb_modern,200,0.4493244248838008,0.4483289717330376,0.05636337192255237,0.34914767895948595,0.5505745256904091,0.33004293743899654,0.32768618538913075,0.04305311868575926,0.2523601450436036,0.4091994025714661,239.76130133604534,268.310825074499,37.69726733746897,183.50927625797704,282.3157048590268,0.021906731331715754,0.02197278369808725,0.002142502164809415,0.017909571975032953,0.025709726088170667
synthetic,MAR,block,0.3,5,1000x50,mean_pca,200,3.9934885994677747,3.9429737026284095,0.5096505329685922,3.1307556068636173,4.942318361199323,3.112714642041181,3.067737638854697,0.39569280300393606,2.462400124628378,3.9113650338491492,0.0027677090952783557,0.00280309250229035,0.00015998020344695644,0.002460427902406055,0.0030075576489252123,,,,,
synthetic,MAR,block,0.3,5,1000x50,mice_pca,200,3.9934885994677747,3.9429737026284095,0.5096505329685922,3.1307556068636173,4.942318361199323,3.112714642041181,3.067737638854697,0.39569280300393606,2.462400124628378,3.9113650338491492,0.016311874474813474,0.01651452800069815,0.001047215210280159,0.014276756674371416,0.01795796702535873,,,,,
synthetic,MAR,block,0.3,5,1000x50,vbpca_vb_modern,200,3.9934885994677747,3.9429737026284095,0.5096505329685922,3.1307556068636173,4.942318361199323,3.112714642041181,3.067737638854697,0.39569280300393606,2.462400124628378,3.9113650338491492,205.6751002454896,231.3319758175021,35.78265551826779,149.52807013954953,246.33749818827567,86.63962611052078,82.20136995706288,18.697196773679206,80.74505298107442,163.80624398147057
synthetic,MAR,block,0.5,5,1000x50,mean_pca,200,3.992378643702864,3.880738500197009,0.5264040005788116,3.1243224381596275,5.286337839182898,3.1158731049473234,3.061166465433115,0.3974577192314832,2.466249375143955,4.067932987674044,0.0027577083251162037,0.0027990474991383503,0.0001546303134718094,0.0024769639983787174,0.0029954904812256452,,,,,
synthetic,MAR,block,0.5,5,1000x50,mice_pca,200,3.992378643702864,3.880738500197009,0.5264040005788116,3.1243224381596275,5.286337839182898,3.1158731049473234,3.061166465433115,0.3974577192314832,2.466249375143955,4.067932987674044,0.016244223505127543,0.016471258499223,0.0010297963934175862,0.014661863078435903,0.017882597772222626,,,,,
synthetic,MAR,block,0.5,5,1000x50,vbpca_vb_modern,200,3.992378643702864,3.880738500197009,0.5264040005788116,3.1243224381596275,5.286337839182898,3.1158731049473234,3.061166465433115,0.3974577192314832,2.466249375143955,4.067932987674044,205.21994732749485,230.04643461600062,34.35717159106748,156.0885005992048,244.3231712339286,87.89078664513069,82.18245410971237,21.05564241390345,80.77317421260435,164.81509367122146
synthetic,MAR,random,0.1,5,1000x50,mean_pca,200,0.4775222805792822,0.4784426569386281,0.016736632133475135,0.4406131052904658,0.5094446246584112,0.36366231154588,0.36439129701689815,0.01293326521331549,0.3367757333133881,0.3866848963081753,0.002890427864949689,0.00292042699948065,0.00012758855676571566,0.0026607859730574473,0.003082295768581368,,,,,
synthetic,MAR,random,0.1,5,1000x50,mice_pca,200,0.372505459066382,0.37391031173700423,0.018245598497608796,0.33187923836324956,0.404546777811481,0.26899945643934897,0.2697109478001801,0.014195967078323966,0.24176114931760598,0.2936940519648079,0.8384628336998503,0.8496355865026999,0.12316918362594469,0.610008187897256,1.1275781906968405,,,,,
synthetic,MAR,random,0.1,5,1000x50,vbpca_vb_modern,200,0.42295275501333224,0.42490157054699207,0.02059801671995594,0.3769167576311219,0.45883852934395053,0.30741321721356135,0.30828081608174196,0.016453154114371735,0.27626758283537,0.33652713727105726,239.98398266463508,269.0598848024965,38.328155623235126,183.688499500549,282.5312453851282,0.0221644960208737,0.0221569116670471,0.0019684394317068445,0.018055546759669316,0.02597093795078584
synthetic,MAR,random,0.3,5,1000x50,mean_pca,200,0.5997867347451509,0.5989674810324587,0.013228175806888854,0.5760475866006236,0.6252764929455827,0.46523072666213827,0.46494780183220535,0.010168129739553071,0.4448443334437329,0.487449230593017,0.0033405186402887446,0.0033557375027157502,0.00015576820409239094,0.0030082510769715996,0.0035761265289693126,,,,,
synthetic,MAR,random,0.3,5,1000x50,mice_pca,200,0.37442295108835455,0.3739194563241222,0.01771021951654778,0.34096947981539627,0.40790156768072894,0.2707596058499945,0.2705833449970697,0.013570684364054508,0.2447722947336992,0.29534792126154974,2.5613443094450488,2.946935266001674,1.1473679730902904,1.0651333714480644,4.2459579432734245,,,,,
synthetic,MAR,random,0.3,5,1000x50,vbpca_vb_modern,200,0.4404082445155339,0.43915248273867813,0.021248416737837516,0.400146526687097,0.483494148209868,0.32077670304846906,0.3208090350633295,0.016440880269226993,0.2897816138481827,0.3509516828272939,189.52784403836498,212.0231700129989,31.551812339985183,144.71782399174808,225.45934620194822,0.03064241528889676,0.03049497730467735,0.0027659218989909647,0.025240045311129024,0.03541364653888681
synthetic,MAR,random,0.5,5,1000x50,mean_pca,200,0.7390268882045403,0.7382412270083846,0.01138236610922701,0.7184352766476086,0.7635058158819055,0.5768264641312635,0.5758302467276697,0.008641201859660856,0.560158467000883,0.5962215545732271,0.0036090576501009723,0.0036031620002177,0.00010951299036648574,0.003408356723230052,0.003816674225708968,,,,,
synthetic,MAR,random,0.5,5,1000x50,mice_pca,200,0.4359117058613706,0.4378232589865966,0.01737576717369963,0.3959342462979424,0.4718218247692056,0.3189415563412478,0.32017609328751706,0.01333284486839462,0.29309550258689987,0.34542313974183225,0.6461571669097611,0.6356526820018189,0.08838454120877855,0.5178881297801127,0.8404551458534117,,,,,
synthetic,MAR,random,0.5,5,1000x50,vbpca_vb_modern,200,0.48338897625510546,0.48489789851450227,0.024912379190012768,0.42776197638847224,0.5313945210072327,0.3531266520891847,0.3546413613574147,0.019085455710282487,0.31390530293981644,0.3894754446214968,138.49271941771988,155.88988814500044,22.48784780674524,106.8561826605268,163.84953591430423,0.05253491137858026,0.05272901051519785,0.0045955809155647735,0.04284118311166492,0.060798062499669916
synthetic,MCAR,block,0.1,5,1000x50,mean_pca,200,0.6013689150401859,0.6035382612941547,0.03482931425032375,0.5409386955345682,0.6664282058031956,0.4720339919206608,0.4737563472576011,0.026105935374337103,0.4267846758323731,0.521696194710648,0.002856741349878525,0.0028933134999533,0.00014035053347702077,0.0025972488489968927,0.0030895652472281527,,,,,
synthetic,MCAR,block,0.1,5,1000x50,mice_pca,200,0.3712458710407254,0.3687478095180375,0.04632971193497459,0.2888327737892839,0.45915994071066385,0.27016251312026623,0.2691475310463911,0.03465773333159484,0.2066315945542494,0.33829213763215876,0.21192102557022735,0.2090790490019571,0.11063357597608665,0.10724578139925138,0.378839448326562,,,,,
synthetic,MCAR,block,0.1,5,1000x50,vbpca_vb_modern,200,0.4496071670918088,0.4493741709853572,0.05421050038265663,0.3522707195940401,0.5486510946249602,0.32978941508843607,0.3299706049895972,0.04158842460254976,0.2570618726735328,0.40351888754653614,240.07743221020988,265.8161974700015,37.36844929419401,184.68325068862268,281.03625276932263,0.022052878686103866,0.02199453959104855,0.0022233379991678922,0.018297665047434734,0.026956557490928235
synthetic,MCAR,block,0.3,5,1000x50,mean_pca,200,4.021207456882336,3.936313543696733,0.5343139868160873,3.1947227660943267,5.287179542207165,3.1312081646093635,3.090359278946488,0.393866823158976,2.468544192200273,3.9597695203284693,0.0027375789600045607,0.00277322849979095,0.00013390041148785345,0.0024690399518476273,0.0029353847005949476,,,,,
synthetic,MCAR,block,0.3,5,1000x50,mice_pca,200,4.021207456882336,3.936313543696733,0.5343139868160873,3.1947227660943267,5.287179542207165,3.1312081646093635,3.090359278946488,0.393866823158976,2.468544192200273,3.9597695203284693,0.0161576743750265,0.016376997999032,0.0007942630709860413,0.014728177997858428,0.017545381525542303,,,,,
synthetic,MCAR,block,0.3,5,1000x50,vbpca_vb_modern,200,4.021207456882336,3.936313543696733,0.5343139868160873,3.1947227660943267,5.287179542207165,3.1312081646093635,3.090359278946488,0.393866823158976,2.4685441922002727,3.9597695203284693,204.03619642044495,229.02501507200031,33.00146666347103,158.0153817412278,240.04512883060005,87.54203920788248,82.23873783875202,21.934768307849343,80.71064172730786,164.4838852431045
synthetic,MCAR,block,0.5,5,1000x50,mean_pca,200,3.9803060782238595,3.9461597498667964,0.47854353828884066,3.196355372719351,5.1318024067216985,3.1122493909162166,3.094085429223491,0.3649941885577827,2.4903617205713107,3.946740231803828,0.002748166800338317,0.0027756540002883,0.00011810168020081482,0.0024881516266758927,0.0029291841048688177,,,,,
synthetic,MCAR,block,0.5,5,1000x50,mice_pca,200,3.9803060782238595,3.9461597498667964,0.47854353828884066,3.196355372719351,5.1318024067216985,3.1122493909162166,3.094085429223491,0.3649941885577827,2.4903617205713107,3.946740231803828,0.01624444830496936,0.016418152499682002,0.0008805263136907247,0.014813063574729233,0.017354741127019183,,,,,
synthetic,MCAR,block,0.5,5,1000x50,vbpca_vb_modern,200,3.9803092735612338,3.9461597498667964,0.4785398962100456,3.196355372719351,5.1318024067216985,3.1122528424567237,3.094085429223491,0.36499023089769145,2.4903617205713107,3.946740231803828,204.10780515402513,225.87723034749797,31.70302684212128,157.54421486672473,240.49110151545028,83.87981293843691,82.2141806617935,12.043242165417844,80.57919273959904,83.66075062878505
synthetic,MCAR,random,0.1,5,1000x50,mean_pca,200,0.46894730723247535,0.4703846299976374,0.01885292049737487,0.42946449448685176,0.511781826133562,0.35648823088940246,0.35766120484400643,0.014288530494880413,0.3280462093324921,0.38241111073545514,0.0029438450649467486,0.0028647854978771,0.00034703945543641227,0.00259445895089806,0.003716285423524733,,,,,
synthetic,MCAR,random,0.1,5,1000x50,mice_pca,200,0.37428867694923407,0.37592262896573114,0.02002605631232794,0.330462435663811,0.41600090941279283,0.2696405196796486,0.27071122423945526,0.015316638189038147,0.23577266818630774,0.3005020080742286,0.7947601166648747,0.7762175145016954,0.11829219948388224,0.6244478981523571,1.090857447101007,,,,,
synthetic,MCAR,random,0.1,5,1000x50,vbpca_vb_modern,200,0.4231928998348792,0.4248441502446936,0.0224455034287882,0.3726213140429581,0.470824382635892,0.3071577879390658,0.30801724123280755,0.01769725929808803,0.2685633127342954,0.34337574824262446,260.4241096847699,261.8505839829995,15.812824375440165,230.90397862654945,288.6736992361758,0.022252163928229183,0.022231115741345002,0.002161071671347428,0.01757763762163486,0.02648336848358311
synthetic,MCAR,random,0.3,5,1000x50,mean_pca,200,0.5651957358586783,0.5652060835301821,0.01286606332241971,0.5422670816408832,0.5874808294256247,0.44111057506374196,0.4404563624823903,0.00993484360097348,0.42326465635818145,0.4586596991236807,0.003357529700060643,0.0032965344998956,0.00034416342766674217,0.0030760695252865324,0.004020881101223418,,,,,
synthetic,MCAR,random,0.3,5,1000x50,mice_pca,200,0.3740582060720794,0.3747569045125921,0.018254501487167982,0.33824337363563217,0.4051123710110645,0.2707860683120526,0.27144739893667036,0.014272823260446437,0.24455868674987602,0.29810853158018946,1.1432927187851056,1.0834613600000012,0.2814762614407491,0.8792161537227002,1.4190221815475526,,,,,
synthetic,MCAR,random,0.3,5,1000x50,vbpca_vb_modern,200,0.4333929055854429,0.433582268566985,0.0210950022114924,0.392596349588087,0.47139331639070997,0.3163877496792483,0.31683663276640817,0.016799680626802257,0.28490181160915495,0.34771998214826577,207.470820092195,208.61603859550087,14.74633853555052,178.76338960672365,233.37115352274844,0.029732474675211742,0.029878468766139102,0.002767010994551848,0.024197855178117143,0.03485406838778261
synthetic,MCAR,random,0.5,5,1000x50,mean_pca,200,0.6825692596667519,0.6821571152344543,0.010882777990888616,0.6581959700036399,0.7045673279327588,0.5384049235573035,0.5385999981427917,0.008657947011359772,0.5206711272949965,0.5561240066866385,0.003655746834938275,0.0036282364999351002,0.00036950314816437983,0.0033960913249756275,0.0038960128508733404,,,,,
synthetic,MCAR,random,0.5,5,1000x50,mice_pca,200,0.3911192687513275,0.390916361821424,0.018140824688877857,0.35329584051787916,0.424488747415806,0.28495937317723147,0.28479918993192166,0.014160229427762624,0.2564204387246421,0.3114911137200322,0.6692965760899642,0.6364851369999087,0.2828319307204432,0.4459919142273065,1.0135257379492033,,,,,
synthetic,MCAR,random,0.5,5,1000x50,vbpca_vb_modern,200,0.45692339674006294,0.4566108173010725,0.022431083219227266,0.41095976985951677,0.4949050090813576,0.33437613559608065,0.33371775619360605,0.01778019556629294,0.29966041694664997,0.36362019209212637,147.11789823790505,154.19381126100052,18.37600434365009,107.14972278439954,171.45672317032557,0.04527109134832523,0.04520414344373195,0.004199534841816957,0.036738171100340514,0.052730102954959376
wine,MAR,block,0.1,5,1000x50,mean_pca,200,0.857998494054845,0.8380480433728521,0.0962991680658498,0.6986353991992909,1.070146831885342,0.6727890317055167,0.6646798104396405,0.06549365638548839,0.559055971635979,0.816921538547789,0.0014313599198066578,0.0014345604977279,4.198167711700292e-05,0.001340577877453985,0.0015119883473743599,,,,,
wine,MAR,block,0.1,5,1000x50,mice_pca,200,0.7615484616987811,0.7526315299723517,0.11531836042878567,0.5643549988490332,1.0206853273725627,0.5762989982417607,0.5693337944004588,0.08337445426681711,0.4416566666449504,0.7787997069111908,0.018875450464802223,0.0161952539965568,0.009696747317800848,0.011082726750464553,0.032243529078186804,,,,,
wine,MAR,block,0.1,5,1000x50,vbpca_vb_modern,200,0.7644696498469011,0.7546474092847957,0.11303237768146618,0.5645577301784518,1.0069045457912107,0.5789818700656497,0.5758412793909977,0.07835376304142337,0.43781453988442565,0.7495477718240886,12.877186820040151,14.527758783999161,2.1095066845943884,9.892756561454735,15.253364613471604,0.1300477031353397,0.13009098027114885,0.003768414512794507,0.12239452491822801,0.13656886157861278
wine,MAR,block,0.3,5,1000x50,mean_pca,200,72.32320488632635,2.9936036837771667,115.8119799392644,0.6088873532020551,363.28906607644507,35.30104595061206,2.083531073446327,57.232458988358,0.42770790960451976,188.63074717514124,0.001424701615251201,0.0014300829971034,3.868923160744579e-05,0.00133698158006153,0.00150392117011502,,,,,
wine,MAR,block,0.3,5,1000x50,mice_pca,200,72.32320488632635,2.9936036837771667,115.8119799392644,0.6088873532020551,363.28906607644507,35.30104595061206,2.083531073446327,57.232458988358,0.42770790960451976,188.63074717514124,0.004620198194788781,0.0046555720036849,0.00021886400520726478,0.00420104614586301,0.004959666745162301,,,,,
wine,MAR,block,0.3,5,1000x50,vbpca_vb_modern,200,72.32318777390923,2.9936036837771667,115.81199000369735,0.6088873532020551,363.28906607644507,35.30096885364519,2.083531073446327,57.23250513030052,0.42770790960451976,188.63074717514124,11.366598581494836,12.837542785997357,1.8726509267153426,8.683164961054171,13.465235712575122,44.566988082512324,36.908368490200715,54.42933361206428,34.627328720854386,39.62171999321611
wine,MAR,block,0.5,5,1000x50,mean_pca,200,67.0498858613595,2.501773414440021,115.0217567218202,0.5664972033886428,360.72598622461715,32.775396779312615,1.5716760828625236,57.08671809257617,0.42217843691148776,187.06272570621474,0.0013984335998611136,0.0014316844972199001,0.00011706352628523923,0.0010302939515895026,0.0014958400746763324,,,,,
wine,MAR,block,0.5,5,1000x50,mice_pca,200,67.0498858613595,2.501773414440021,115.0217567218202,0.5664972033886428,360.72598622461715,32.775396779312615,1.5716760828625236,57.08671809257617,0.42217843691148776,187.06272570621474,0.004524312215326012,0.004666736997023651,0.0004912898996470574,0.00301940847548391,0.005322600275030653,,,,,
wine,MAR,block,0.5,5,1000x50,vbpca_vb_modern,200,67.05017852162281,2.501773414440021,115.02158993098558,0.5664972033886428,360.72598622461715,32.77581398824896,1.5716760828625236,57.08648544550703,0.42217843691148776,187.06272570621474,11.284110600885397,12.785984829497465,1.8960823289476134,8.680839703178208,13.478325034152478,43.04907949723972,37.01413714820924,49.21506813015132,34.82103016910409,39.441406634165176
wine,MAR,random,0.1,5,1000x50,mean_pca,200,0.8064785621329478,0.8029711350127343,0.05366417610155311,0.7030971426138293,0.9200765122149007,0.6218637807602218,0.6200174179911369,0.03691857301131505,0.5489717620922131,0.6954238614503504,0.0014331765650421803,0.0014417064994631502,4.565241446768708e-05,0.0013190455965741326,0.0015054870271341324,,,,,
wine,MAR,random,0.1,5,1000x50,mice_pca,200,0.7609583714886031,0.7544590768387698,0.054183916912573196,0.6759227173378791,0.8767233393031951,0.573892149402253,0.5751836637311762,0.03284162962430319,0.5127778446905114,0.6406496588684141,0.08000305880486845,0.0761578689998714,0.016748478199834473,0.055632732622325376,0.1218657735000306,,,,,
wine,MAR,random,0.1,5,1000x50,vbpca_vb_modern,200,0.7488158942232613,0.7436628129458623,0.05529936131864186,0.6566492122073811,0.867829685179007,0.5635993465725846,0.5624160528462161,0.03337389833293635,0.5060198294938236,0.6379873758745113,12.896754076935068,14.562060923999525,2.1249978834205914,9.861095331477735,15.285591366828157,0.12997705526522654,0.12995619822711404,0.0020914013875567936,0.12564758411344457,0.13359933685240544
wine,MAR,random,0.3,5,1000x50,mean_pca,200,0.8846358031578014,0.8811334376772623,0.04043470856366297,0.8153363109685362,0.960067618964774,0.6925039242388834,0.6916416294381306,0.029152951287760208,0.6386289646436436,0.7524067314629005,0.0014569394200224855,0.0014656925013695498,5.128753095501283e-05,0.0013287505009429127,0.00153585524458319,,,,,
wine,MAR,random,0.3,5,1000x50,mice_pca,200,0.915252256918524,0.9151204991225825,0.05065605726621684,0.8177199698815465,1.0121464500429325,0.6857779117895597,0.6854838436843609,0.031807218547189854,0.6272278508840168,0.7413598073329104,0.5635356391747337,0.5950993904989446,0.12952039349529798,0.1538332728747263,0.6993073674773769,,,,,
wine,MAR,random,0.3,5,1000x50,vbpca_vb_modern,200,0.7961683238140421,0.7962517923817165,0.038137415115202605,0.7284778934468025,0.8744323518493022,0.601122081260643,0.602641707783334,0.023556645039137004,0.5578847041149706,0.645482013724253,10.542129920705266,11.909686323499045,1.7568002304185004,8.025079532827112,12.536959777870107,0.17884921647083118,0.17855155787602575,0.005487462033335728,0.16963967188560927,0.18889892338242253
wine,MAR,random,0.5,5,1000x50,mean_pca,200,0.976631533183884,0.9745256060135707,0.039784765986127506,0.9056172179735292,1.053365787115893,0.7709113387542288,0.7701697287338494,0.02900384752961384,0.717505200558159,0.8267475871235903,0.0014645858298899322,0.0014696229991386,4.2002480354270224e-05,0.0013559463497585425,0.0015375826729723124,,,,,
wine,MAR,random,0.5,5,1000x50,mice_pca,200,0.9257488466879116,0.9245528361605578,0.0386694395373663,0.8587355600650158,1.0043740577234532,0.7093080222898397,0.7080141269165723,0.02771591628113426,0.6601918470498638,0.7636288755172571,0.10405270504998039,0.08093907100192149,0.07303182069387959,0.05260118469795992,0.3573527985716284,,,,,
wine,MAR,random,0.5,5,1000x50,vbpca_vb_modern,200,0.8772215347103576,0.8765692739031872,0.03683199794900396,0.8079319867698588,0.945127491415865,0.666569624877519,0.6649713463521219,0.024827587739821275,0.6221889963103324,0.7179114627547117,8.233756672570125,9.316865297503682,1.3790240270321108,6.293460342004437,9.806593104504282,0.2687667459153774,0.26908884656792725,0.010334656791865059,0.251476928097435,0.28584728610236965
wine,MCAR,block,0.1,5,1000x50,mean_pca,200,0.8188001754207184,0.8140153142847923,0.08549385282382645,0.6848457290001879,1.018179780078907,0.6400638404635447,0.6363222946999448,0.058171303675919564,0.5418727444268149,0.7602792111186113,0.0014301350698587528,0.00143952100188465,4.441267687948922e-05,0.0013314655807333976,0.0014976053524151124,,,,,
wine,MCAR,block,0.1,5,1000x50,mice_pca,200,0.7682420331320177,0.7527911601958477,0.11593526817427571,0.5886974693037258,1.0362219555570822,0.580868883383663,0.5675883418426357,0.08109911087025695,0.44789758488318915,0.7592620899621941,0.02310496496487753,0.019240075998823103,0.01351304568855317,0.010856065300686151,0.08051784839426539,,,,,
wine,MCAR,block,0.1,5,1000x50,vbpca_vb_modern,200,0.7543111896347997,0.7452019145340645,0.10362408497423775,0.591169559205796,1.0082911749086318,0.5698774172158754,0.5662784135837755,0.0710067374782589,0.455686328098637,0.725682094368495,12.8923425700804,14.491012518999923,2.103861107144689,9.865291397823603,15.280106862754474,0.12891705346499363,0.1287791306487851,0.00404924895169626,0.12155587885953005,0.1362605203317785
wine,MCAR,block,0.3,5,1000x50,mean_pca,200,59.86683989099671,2.826317795741148,109.37132462043886,0.5945422984925411,336.3480087852785,29.27384050804143,1.9054143116760829,54.24424433552903,0.4137645951035782,173.42107909604522,0.0014263933801339091,0.0014305290023912,4.270266103345754e-05,0.0013394059506026351,0.0015130812775168926,,,,,
wine,MCAR,block,0.3,5,1000x50,mice_pca,200,59.86683989099671,2.826317795741148,109.37132462043886,0.5945422984925411,336.3480087852785,29.27384050804143,1.9054143116760829,54.24424433552903,0.4137645951035782,173.42107909604522,0.0046280411002225675,0.00465738450293425,0.0002160788998980419,0.004232036051507725,0.005128386374053575,,,,,
wine,MCAR,block,0.3,5,1000x50,vbpca_vb_modern,200,59.866630680861384,2.826317795741148,109.37110562403383,0.594542298492541,336.3480087852785,29.27386452275239,1.9054143116760829,54.244046751919186,0.4137645951035782,173.42107909604522,11.341589745295023,12.808152494497335,1.8732658017823436,8.741720136944604,13.491784925026334,44.882239821093314,36.805723874822604,56.55397572151328,34.722662078757736,39.27588792755655
wine,MCAR,block,0.5,5,1000x50,mean_pca,200,47.14199108490315,2.5701890873993944,96.50605475212703,0.5842072734217783,296.9399227634601,22.612122203032012,1.6765065903954801,46.582657189133236,0.4048919962335216,139.39857175141273,0.0014249858054608423,0.0014322780007205,4.239266293226301e-05,0.0013268390448501527,0.00149108196983425,,,,,
wine,MCAR,block,0.5,5,1000x50,mice_pca,200,47.14199108490315,2.5701890873993944,96.50605475212703,0.5842072734217783,296.9399227634601,22.612122203032012,1.6765065903954801,46.582657189133236,0.4048919962335216,139.39857175141273,0.004609719904765323,0.0046570859994972,0.00018034719658922965,0.004223131322214518,0.004867272271439973,,,,,
wine,MCAR,block,0.5,5,1000x50,vbpca_vb_modern,200,47.14305808854204,2.5701890873993944,96.50555379790262,0.5842072734217784,296.9399227634601,22.613707725729455,1.6765065903954801,46.58192894118815,0.4048919962335216,139.39857175141273,11.388626215484765,12.832399941002222,1.861756815588425,8.709655321123865,13.491841109199779,44.86011159259871,36.92032286193149,56.4377393933117,34.454962834029345,39.26485711430935
wine,MCAR,random,0.1,5,1000x50,mean_pca,200,0.7902262194066709,0.7934705402571136,0.045423215862374924,0.710716283528172,0.8807788616775586,0.6116948353803879,0.611128068100596,0.032318036589197525,0.5519205209136209,0.6749059809632799,0.0014371719148402425,0.0014430014998651499,4.9305516461756773e-05,0.0013540503527110276,0.001497238900265025,,,,,
wine,MCAR,random,0.1,5,1000x50,mice_pca,200,0.7455889100567663,0.7432834610377184,0.04771084518218115,0.6662725939909439,0.8362955233086297,0.5653711261620087,0.5621836239281333,0.031631418368374124,0.5071418207487889,0.6269581745752844,0.07565481769506728,0.07195085049897895,0.01475124895322122,0.05169597476942725,0.11291217387515644,,,,,
wine,MCAR,random,0.1,5,1000x50,vbpca_vb_modern,200,0.7336413466663697,0.7347037473046409,0.049669358674111666,0.6468670191348111,0.8341851517647063,0.5548461864055212,0.5541278071555565,0.032117808945142476,0.49332775437025056,0.6187699233910691,12.833116095360419,14.532896734999667,2.128100267469768,9.837005210573805,15.229231651476036,0.1297247958419129,0.12982475616722366,0.0018358279452402202,0.12625567133478297,0.1335120296599023
wine,MCAR,random,0.3,5,1000x50,mean_pca,200,0.8599983657534068,0.8608330583722437,0.03871784292928838,0.7891509866586893,0.9322979816001236,0.6734078385422114,0.672674356800224,0.026369109431006267,0.6252402998358142,0.7249752442161311,0.001453576075436964,0.00146074749864055,4.7087078911428944e-05,0.0013456301012411,0.001536996099821355,,,,,
wine,MCAR,random,0.3,5,1000x50,mice_pca,200,0.8754450357024419,0.8721840180192031,0.04154737360101823,0.7996313420581749,0.9648157406381617,0.6591281558517779,0.6573929171439036,0.027620983250200182,0.6069822734352319,0.7206062713390159,0.2785524860350779,0.3156943920002959,0.1608765711756956,0.0755206717512919,0.6069038770225235,,,,,
wine,MCAR,random,0.3,5,1000x50,vbpca_vb_modern,200,0.7800726170406196,0.7773154210793001,0.0368845450151923,0.7157060837424338,0.8582771292241087,0.5895501749492905,0.5889702377835297,0.022943635982096283,0.547679384076832,0.6351246526412677,10.55258745155501,11.915835627001798,1.7418607349628825,8.033254154794303,12.494383748372092,0.1738236134392234,0.17395739153597264,0.004326462263285994,0.16451657988760554,0.18336878597743167
wine,MCAR,random,0.5,5,1000x50,mean_pca,200,0.9238141231805896,0.9242294015627031,0.03459484424839759,0.860501626516325,0.9980067024115847,0.7326902725305454,0.7329612349730773,0.025617476079080905,0.684942645138692,0.7857574468075008,0.0014657306945445648,0.0014765404957870001,4.790828620862324e-05,0.0013577409223216725,0.00154027217358813,,,,,
wine,MCAR,random,0.5,5,1000x50,mice_pca,200,0.8832098974990142,0.8832320669907665,0.035523358913633646,0.8148606070689517,0.9625429099506231,0.6776959187419351,0.6780158672591776,0.025069289904622562,0.6321615472000052,0.7303223602192619,0.08162217873981714,0.06146383500163205,0.06692984606040074,0.04597075601977849,0.38851751145284663,,,,,
wine,MCAR,random,0.5,5,1000x50,vbpca_vb_modern,200,0.8318280055296402,0.8314160153720972,0.033435674652678514,0.7643603312916404,0.9026648989081371,0.6339263189703118,0.6325026819566483,0.022485126871186974,0.5928732361851061,0.6812863738538508,8.213119718935232,9.307855578499584,1.3769163041520114,6.284159267055292,9.810636349697962,0.24980168037813236,0.2490848610977093,0.008287876063323735,0.23417514469641312,0.26734856019227743
