dataset,mechanism,pattern,missing_rate,n_components,synthetic_shape,method,n_reps,rmse_mean,rmse_median,rmse_std,rmse_ci_low,rmse_ci_high,mae_mean,mae_median,mae_std,mae_ci_low,mae_ci_high,wall_time_sec_mean,wall_time_sec_median,wall_time_sec_std,wall_time_sec_ci_low,wall_time_sec_ci_high,vbpca_mean_variance_mean,vbpca_mean_variance_median,vbpca_mean_variance_std,vbpca_mean_variance_ci_low,vbpca_mean_variance_ci_high
diabetes,MAR,block,0.1,5,1000x50,mean_pca,20,0.8692663984473052,0.8824944571961619,0.07152840718938556,0.773598126916839,0.9677589210582443,0.6857562374363491,0.6778687210946215,0.07024097632227443,0.5917380782533554,0.8016065920414716,0.0014040955502423,0.0013422950014500999,0.00024573252287643505,0.001219507000041575,0.002101123224747362,,,,,
diabetes,MAR,block,0.1,5,1000x50,mice_pca,20,0.7075848558703687,0.699805844711956,0.12415714967511968,0.5229961933854178,0.9230113738880874,0.5086839115932005,0.4686556105783818,0.12831267113378353,0.36869598151219934,0.7448193338315179,0.013135964800312589,0.00846960450144245,0.013018400501087789,0.00641238422622331,0.048123887425481314,,,,,
diabetes,MAR,block,0.1,5,1000x50,vbpca_vb_modern,20,0.7864217424067016,0.7475280745337093,0.09667332288062677,0.6602190051655398,0.9511639458579431,0.59699442634587,0.5661030900150137,0.09339707885643135,0.478222361920083,0.7592129891976049,21.585369939899827,23.911510210500637,3.358882659891734,16.54959649869925,24.280030823175455,0.13999728299155917,0.13950796835104035,0.00661560223498497,0.12790879765662286,0.15162754149410215
diabetes,MAR,block,0.3,5,1000x50,mean_pca,20,0.07164067471322791,0.0680803214024894,0.01403267472369653,0.05084086995356128,0.0965048386389715,0.0580625594872642,0.05548951929812475,0.013391795947233123,0.04013291348121445,0.08195386689377557,0.0013433626998448352,0.0013457589993777,6.726940464936229e-05,0.0012514283743257425,0.0014874443755615726,,,,,
diabetes,MAR,block,0.3,5,1000x50,mice_pca,20,0.07164067471322791,0.0680803214024894,0.01403267472369653,0.05084086995356128,0.0965048386389715,0.0580625594872642,0.05548951929812475,0.013391795947233123,0.04013291348121445,0.08195386689377557,0.0037866687502173097,0.00381883949921755,0.00012583333774065345,0.0035406359990701477,0.003972607525247395,,,,,
diabetes,MAR,block,0.3,5,1000x50,vbpca_vb_modern,20,0.07164067471322791,0.0680803214024894,0.014032674723696527,0.05084086995356128,0.0965048386389715,0.05806255948726417,0.05548951929812475,0.013391795947233122,0.04013291348121445,0.08195386689377557,19.41227407855022,21.73626723649977,3.0999650178868046,14.846475459925022,22.071512733474997,25.7448404608231,25.625744169254254,1.301119267963472,23.385723885266003,28.268879893677042
diabetes,MAR,block,0.5,5,1000x50,mean_pca,20,0.06230325251183899,0.0605971194269586,0.01060426192317189,0.049289740077627854,0.08454160684780683,0.04968701803241181,0.047895784594366,0.009446816357341722,0.03964309795989568,0.07059457089464051,0.001323462100117405,0.0013223420010035,4.938786085897315e-05,0.0012304122758904801,0.0014005466488014723,,,,,
diabetes,MAR,block,0.5,5,1000x50,mice_pca,20,0.06230325251183899,0.0605971194269586,0.01060426192317189,0.049289740077627854,0.08454160684780683,0.04968701803241181,0.047895784594366,0.009446816357341722,0.03964309795989568,0.07059457089464051,0.0037588079498163595,0.00377973050126455,0.00011446357208736297,0.003521883850225955,0.003934069075421528,,,,,
diabetes,MAR,block,0.5,5,1000x50,vbpca_vb_modern,20,0.06230325251183899,0.060597119426958654,0.010604261923171904,0.049289740077627854,0.08454160684780689,0.04968701803241181,0.047895784594366,0.009446816357341731,0.03964309795989568,0.07059457089464052,18.813113229999907,19.277175288500075,3.2492392662671734,14.908412883423535,22.265261240399834,26.055157648167835,26.06730419648717,1.3428138520713184,23.79997160210052,28.07002455775426
diabetes,MAR,random,0.1,5,1000x50,mean_pca,20,0.8053384153979166,0.8087694120737097,0.031235168639942502,0.7532322459965928,0.8569819422972282,0.6329223659053067,0.6351746685136133,0.02681993838360207,0.5899356669242404,0.6733539259035971,0.0014126750500508352,0.00133383700085685,0.00027702505308041807,0.0012027134751405875,0.0020764321002388073,,,,,
diabetes,MAR,random,0.1,5,1000x50,mice_pca,20,0.7163948054269551,0.7169805190245324,0.029292737595669936,0.6648240209702265,0.7702312423231111,0.5183545944261393,0.5225267146804647,0.025256345760862574,0.4740820712428555,0.559990753987963,0.36999396449955385,0.34447761600131344,0.09019498897867984,0.2679947010245087,0.5171519638720383,,,,,
diabetes,MAR,random,0.1,5,1000x50,vbpca_vb_modern,20,0.7532607307678791,0.7500332960339323,0.029014437519466914,0.7075072084563243,0.8110575989560184,0.5754369529410241,0.5735374532354254,0.026158576642414035,0.5320361285355909,0.6246994928104737,21.27887462860017,23.969861487501475,3.4879412760659023,16.430877780149878,24.35111686109949,0.1425747348260759,0.14266384570230414,0.0008689641245689173,0.140544655687967,0.1440751000132908
diabetes,MAR,random,0.3,5,1000x50,mean_pca,20,0.895723753023665,0.892494009937304,0.025503646366608186,0.8557393744893367,0.9399496449932891,0.7079637560121654,0.7048273798673248,0.01914706235945646,0.6810634342850614,0.750270425837474,0.00138586549983296,0.0013976110003568,6.289375132987692e-05,0.0012639929738724749,0.0014796593246501225,,,,,
diabetes,MAR,random,0.3,5,1000x50,mice_pca,20,0.8370156951896208,0.8269495468006014,0.03208744672215871,0.7883350745153721,0.8845598981213881,0.6183232496153743,0.615997838179499,0.021974606220458385,0.5828329534517707,0.6517131871643607,0.477146483749857,0.5018458034992364,0.08097520426187857,0.3048947060732644,0.5620410497000193,,,,,
diabetes,MAR,random,0.3,5,1000x50,vbpca_vb_modern,20,0.8268900658683132,0.8282184121638627,0.021195437765003877,0.7921687426381125,0.8588817647221912,0.6394173020546758,0.6380672665800117,0.01708062897761021,0.6102467524611102,0.6661099906031674,17.726837734050243,19.838252247000128,2.850369536229235,13.530154020925238,20.156669103949298,0.19113234215296468,0.1912697399907726,0.002617268173328149,0.18679547395251292,0.19575744981310814
diabetes,MAR,random,0.5,5,1000x50,mean_pca,20,0.971383888643864,0.9737524076173225,0.032135976225519905,0.9244802255698812,1.0329448910296881,0.7710149244875908,0.7735658642991523,0.022254764255055993,0.7382183395730753,0.8171515664661331,0.0014153046497085051,0.0014149685011943,9.390225380948054e-05,0.00130450039705459,0.0016228429750299246,,,,,
diabetes,MAR,random,0.5,5,1000x50,mice_pca,20,0.9514054515836436,0.9469907547030377,0.03572500653805882,0.899720953259672,1.023755295367728,0.7214456256160053,0.7198307189484212,0.024235601602537852,0.6807001470182813,0.7733956124506915,0.4026510576999499,0.4560689435002132,0.11481406301193521,0.19633903572366757,0.5278580626736584,,,,,
diabetes,MAR,random,0.5,5,1000x50,vbpca_vb_modern,20,0.9000922225528353,0.8985981727290795,0.026185888891276068,0.8655435738494281,0.9523539571011134,0.7004808451706329,0.7001824963514299,0.018913164500225725,0.6733627719901125,0.7395480403235768,13.064924689050349,12.363821157499842,2.1898155053923096,10.610279504874779,15.889174403851756,0.27141618532411815,0.27253809233632786,0.005936813888581689,0.2602394864162951,0.2798826195287605
diabetes,MCAR,block,0.1,5,1000x50,mean_pca,20,0.7891344184743053,0.785449283589683,0.09086468233825487,0.6077944881380969,0.9241552113417095,0.6338862760419994,0.6177729770866914,0.09066032875291799,0.476723658230677,0.7918090690377032,0.0013666980499692201,0.0013345839997782002,0.00019522723822664178,0.00122874967473758,0.0018017006259469365,,,,,
diabetes,MCAR,block,0.1,5,1000x50,mice_pca,20,0.6397690627122337,0.6408148260801936,0.17461776166538182,0.3355100078891368,0.9401244029878041,0.46524171401232917,0.41758886562999487,0.15222835044780977,0.2385328703314702,0.7534547108608114,0.013515288649614307,0.0115799539998988,0.006325680972745833,0.00650676520090194,0.025102036974567372,,,,,
diabetes,MCAR,block,0.1,5,1000x50,vbpca_vb_modern,20,0.7183963606727399,0.7022387095189135,0.13100660361780755,0.49844414106540036,0.9349161212726712,0.5495027871077314,0.5257645351997899,0.1128177107415791,0.37623490403991905,0.7566359558138498,20.6781816150502,21.237354452499858,3.5409831991336898,16.520401195901286,24.30847269305014,0.1403901035075327,0.14109821186033394,0.007747606321927036,0.12499633194686946,0.15216004380495662
diabetes,MCAR,block,0.3,5,1000x50,mean_pca,20,0.06073019293154629,0.06069898832471235,0.007780428700139277,0.05029944255755695,0.07583284633852799,0.04890945981538967,0.047535694707250595,0.006893010383532499,0.039836525000610495,0.06325126630325525,0.00135997415072775,0.0013710580005863,0.0001309336908712262,0.00122580112738429,0.0016377331744479094,,,,,
diabetes,MCAR,block,0.3,5,1000x50,mice_pca,20,0.06073019293154629,0.06069898832471235,0.007780428700139277,0.05029944255755695,0.07583284633852799,0.04890945981538967,0.047535694707250595,0.006893010383532499,0.039836525000610495,0.06325126630325525,0.0037686845502321,0.0038185965004231496,0.00016882741731787424,0.0034787113524543624,0.004028403525444414,,,,,
diabetes,MCAR,block,0.3,5,1000x50,vbpca_vb_modern,20,0.06073019293154649,0.06069898832471235,0.007780428700139148,0.050299442557557,0.07583284633852799,0.04890945981538992,0.04753569470725065,0.006893010383532332,0.039836525000610495,0.06325126630325525,18.922115932249834,19.43582253850218,3.272584205477801,15.067720855699099,22.3949404773738,26.716527670659882,26.948786483798884,1.0497695149547766,24.67086212107894,28.27295769715994
diabetes,MCAR,block,0.5,5,1000x50,mean_pca,20,0.0677405135092249,0.06304146345835375,0.015680934710217132,0.05128402584458925,0.10306289581037525,0.05397317375934679,0.0504125060444028,0.013988996876962888,0.04024971978358243,0.08481428514340734,0.0013553195001804296,0.0013411170002654502,9.045450349987756e-05,0.0012472923520362624,0.0015507141743000346,,,,,
diabetes,MCAR,block,0.5,5,1000x50,mice_pca,20,0.0677405135092249,0.06304146345835375,0.015680934710217132,0.05128402584458925,0.10306289581037525,0.05397317375934679,0.0504125060444028,0.013988996876962888,0.04024971978358243,0.08481428514340734,0.0037719488500442292,0.0037999529977241,0.00014345042019468345,0.00351483847489357,0.003978843624918173,,,,,
diabetes,MCAR,block,0.5,5,1000x50,vbpca_vb_modern,20,0.06765452815589121,0.06304146345835371,0.01566138487228446,0.05128402584458925,0.10306289581037525,0.053872890851294195,0.050412506044402755,0.013951941854721293,0.04024971978358238,0.08481428514340734,18.796380305500133,19.36786299999949,3.33631716945387,14.936164501125223,22.222258480874824,25.850022973656774,25.924790005423723,0.9882339614869804,23.944263585711795,27.56202406528207
diabetes,MCAR,random,0.1,5,1000x50,mean_pca,20,0.8149485485345955,0.8125965581744714,0.037222816350646996,0.7542905686169034,0.8962588863531986,0.6451101085771451,0.6435604133131065,0.028450976618912834,0.5950353117378334,0.7040698231272202,0.001406527800099805,0.00135162250080605,0.0002216999411021611,0.0012435580739292274,0.00204123435123613,,,,,
diabetes,MCAR,random,0.1,5,1000x50,mice_pca,20,0.7184803209022074,0.7182090262819334,0.030758087536486893,0.6529285388790061,0.7645134362535477,0.5197228711126672,0.5228476054247237,0.02186193548519118,0.4708822429997443,0.5473736333886982,0.3214921229000538,0.32823779250065854,0.06810959495360284,0.18267487867560706,0.41593619004997884,,,,,
diabetes,MCAR,random,0.1,5,1000x50,vbpca_vb_modern,20,0.7538621445829714,0.7582515114918562,0.034756158606030645,0.6887072720120584,0.8167149138316363,0.5788609865541152,0.5802874624618186,0.02584834554026715,0.5299232555100613,0.6212751632182566,21.391349666850147,24.00374704549904,3.3900686072163224,16.556706285574545,24.21324189545021,0.14243130349961575,0.14251617607809908,0.0015713604266187158,0.13977763084786893,0.1447348393539678
diabetes,MCAR,random,0.3,5,1000x50,mean_pca,20,0.8670104991651202,0.8702550902161557,0.02691248437909708,0.8209263202477648,0.9193454461746123,0.6890395517233106,0.6861467988298374,0.018898197424087666,0.6568873160934826,0.7232758515814329,0.001415185600126235,0.0013737339995713999,0.00023285407473095664,0.0012747471502734325,0.001957983349348036,,,,,
diabetes,MCAR,random,0.3,5,1000x50,mice_pca,20,0.8402588809852667,0.8331615402981841,0.03538778053749952,0.7893195154069531,0.909880350308263,0.6098467692981699,0.6098610363418566,0.016685014423562506,0.5787240230428138,0.6393831301268885,0.4432633269505459,0.4491875485018681,0.06108988703992478,0.3483300521011188,0.5304002488494917,,,,,
diabetes,MCAR,random,0.3,5,1000x50,vbpca_vb_modern,20,0.802859295225072,0.8028725267102288,0.02350337386686632,0.7560517686932653,0.8415275461769007,0.621160089664769,0.6223715383814183,0.014744124772521813,0.5883047622013146,0.6389430985809282,17.00165445639941,17.52665429949957,3.0020940735558748,13.465294254998208,20.076020856623654,0.18763348044533826,0.1871997063360244,0.002596150461094773,0.18388449913522711,0.19286272687573452
diabetes,MCAR,random,0.5,5,1000x50,mean_pca,20,0.9066661246291317,0.9032929445869755,0.019205846108063265,0.8745166979787018,0.9382763542420403,0.7296391397551187,0.7285262977266571,0.015240232935695847,0.7044568252433433,0.7528085573755151,0.001411322150670415,0.0014222589998098,6.235759984630281e-05,0.001285602301868485,0.0015050096756567025,,,,,
diabetes,MCAR,random,0.5,5,1000x50,mice_pca,20,0.8816537757351943,0.8781863211306458,0.0222379960069652,0.849736802798839,0.918824980604974,0.674621733678829,0.673303734316367,0.01295295786971409,0.6535898696425808,0.6954449799953052,0.1191552397500345,0.0646945980006421,0.11527507621274635,0.04043567055086893,0.38390169894910275,,,,,
diabetes,MCAR,random,0.5,5,1000x50,vbpca_vb_modern,20,0.843725556747802,0.841996645152143,0.017254684560260174,0.8105745532813016,0.8723666869430391,0.6615099501214321,0.6635154649041237,0.01400121618150696,0.636115611470959,0.6827833554359983,13.379933191149576,13.779976813499161,2.4489511411676053,10.566279875398141,15.920394838374797,0.26165504916659404,0.2611704565973514,0.003862716932823741,0.2564794881153713,0.26904147138618606
synthetic,MAR,block,0.1,5,1000x50,mean_pca,20,0.6902046028783559,0.6860176056591234,0.04639167929008617,0.6072431476369327,0.7624346819123209,0.5413119138366717,0.5395166609872937,0.035804856842615196,0.476534260750346,0.5975600568714847,0.0026417114993818698,0.00264419099949005,0.00011132938194849821,0.002463437999267545,0.00282090699802202,,,,,
synthetic,MAR,block,0.1,5,1000x50,mice_pca,20,0.4742411363220634,0.4856764003655104,0.047163906370189114,0.3882672390393872,0.5426180065184366,0.3515022214214333,0.3633700676820507,0.03332569097700973,0.2908502871296459,0.3942960004802465,0.11659070935038467,0.12248048850051416,0.01126964701054121,0.09127227575190765,0.13024173507692463,,,,,
synthetic,MAR,block,0.1,5,1000x50,vbpca_vb_modern,20,0.5666740941246897,0.5755270247212085,0.06255421306692886,0.45310157369053555,0.6634947428895683,0.4267592550945968,0.4339090659556628,0.04722734979909379,0.34246398339673534,0.4937014836849895,199.00162117110068,224.01289804250152,30.809426790055223,155.96000878782652,227.5747580924505,0.030531478061260643,0.03040479762838015,0.0023826643170665554,0.026881681056383652,0.03538271877834613
synthetic,MAR,block,0.3,5,1000x50,mean_pca,20,4.025287758479775,3.972376147840924,0.4632626929889629,3.3192919747771295,4.802621794187911,3.1589816187267927,3.1584752281000883,0.40200377582653546,2.541739490886203,3.8554800999406127,0.002523369699883855,0.00252889749936,8.672161966589485e-05,0.002364689724345155,0.002653875899522935,,,,,
synthetic,MAR,block,0.3,5,1000x50,mice_pca,20,4.025287758479775,3.972376147840924,0.4632626929889629,3.3192919747771295,4.802621794187911,3.1589816187267927,3.1584752281000883,0.40200377582653546,2.541739490886203,3.8554800999406127,0.016013148450838295,0.01606234900100385,0.0005864290902012984,0.014858104652193933,0.01688962652497135,,,,,
synthetic,MAR,block,0.3,5,1000x50,vbpca_vb_modern,20,4.025287758479775,3.972376147840924,0.46326269298896283,3.3192919747771295,4.802621794187911,3.1589816187267927,3.1584752281000883,0.40200377582653546,2.541739490886203,3.8554800999406127,171.0628077931504,191.13464848250078,25.91534672721167,132.92662919452587,194.46699216642503,75.3315118768028,69.01091838333738,20.289372015289494,67.12573140990624,134.6115132365463
synthetic,MAR,block,0.5,5,1000x50,mean_pca,20,3.92364534449636,3.9158604001110087,0.38957385315785714,3.169990342875664,4.506397232095678,3.0508759561900733,3.0377088651801403,0.27372800491031096,2.5258121620679144,3.4777700290543896,0.00255294759990643,0.00255427750016675,7.952604898375557e-05,0.002422440174996135,0.0027098918490082347,,,,,
synthetic,MAR,block,0.5,5,1000x50,mice_pca,20,3.92364534449636,3.9158604001110087,0.38957385315785714,3.169990342875664,4.506397232095678,3.0508759561900733,3.0377088651801403,0.27372800491031096,2.5258121620679144,3.4777700290543896,0.01600531495005265,0.016217829499510047,0.0006024478460719675,0.014868878176639493,0.016861137724845265,,,,,
synthetic,MAR,block,0.5,5,1000x50,vbpca_vb_modern,20,3.92364534449636,3.9158604001110087,0.38957385315785714,3.169990342875664,4.506397232095678,3.0508759561900733,3.0377088651801403,0.27372800491031096,2.5258121620679144,3.4777700290543896,168.09979572645005,191.6136612620012,28.324432074566914,132.67278550237444,195.44101511597498,75.61733866512701,68.98510008079892,20.10013661507243,67.65299970555206,134.3579139797933
synthetic,MAR,random,0.1,5,1000x50,mean_pca,20,0.5634805060442734,0.5645362943046985,0.016336014344011305,0.5267908469140934,0.5829211068042223,0.4319830771878125,0.4340647805017481,0.012931543796614615,0.40371859785033193,0.4468819708090648,0.00270641615006748,0.0027035209996028996,0.00011063401328153025,0.0025421221743271625,0.0029059057750600473,,,,,
synthetic,MAR,random,0.1,5,1000x50,mice_pca,20,0.4792086502343215,0.48237974427752456,0.017055320042719573,0.4418511406972982,0.4984279039783705,0.3565673417057996,0.3583410643534658,0.013728037276664634,0.327362699614527,0.3732560616905934,0.8645049658503012,0.8813849230000415,0.14500422268014543,0.6552769594752135,1.176098755975272,,,,,
synthetic,MAR,random,0.1,5,1000x50,vbpca_vb_modern,20,0.5319002409293319,0.5351983615460183,0.020007079050303488,0.48876235881000935,0.5532790964442058,0.3994211482745244,0.40158120447487655,0.015856660930402448,0.3665568266264721,0.4204099688329277,201.23433409969994,205.83591648549827,34.362950698317576,144.20288208905004,238.69840314950102,0.029414485428233116,0.029320621895683248,0.0018748085549810509,0.025484864008969283,0.03248203455056915
synthetic,MAR,random,0.3,5,1000x50,mean_pca,20,0.6568064132976599,0.6599689069409265,0.015137762545468942,0.6288555041500468,0.6740090950612229,0.5110377783796223,0.5121102290629427,0.01227311167015847,0.4892929166058136,0.5269932067710577,0.003203185849633835,0.0032235809994745,0.00013585670577768687,0.0029741354992437728,0.0034201699496406576,,,,,
synthetic,MAR,random,0.3,5,1000x50,mice_pca,20,0.48064235551345025,0.4820936581518035,0.019348334536499645,0.44236159258811064,0.505301987484289,0.35802834634755837,0.36058040319022877,0.015898125459503483,0.3263624887754207,0.38137398913196807,2.4801786419504426,1.6912273550015016,1.209616133706632,1.2373038274993633,4.631863867050969,,,,,
synthetic,MAR,random,0.3,5,1000x50,vbpca_vb_modern,20,0.5483892468903356,0.5502399443687265,0.022842574571835403,0.5014950510474118,0.5804891949573179,0.41209814845275555,0.4143892431144151,0.01849455642499698,0.3743990324090358,0.440702075180894,164.92971754680065,175.31232021899996,22.180319450917327,129.02504634519977,188.2627674760269,0.04027849054921871,0.04075452947617275,0.003049773658356313,0.034161917972467794,0.044067423689707334
synthetic,MAR,random,0.5,5,1000x50,mean_pca,20,0.7678318859002468,0.765712961712714,0.010393465030490292,0.7544800134278116,0.7901678343753639,0.6015385565560305,0.6004392581614382,0.008341911822663818,0.5914568946585047,0.6206762453405776,0.0034201725506135946,0.00340742100161145,0.00012184126349053771,0.003195559275354715,0.0036105375753322224,,,,,
synthetic,MAR,random,0.5,5,1000x50,mice_pca,20,0.5221470501456634,0.517712567713799,0.014875974685965847,0.5014542511921698,0.5535024300271159,0.3907789990667636,0.3862387591298517,0.012010717357866185,0.37505150943385496,0.4160916990943313,0.6647562922500583,0.6535597865004092,0.12049098746472184,0.5351937714230189,0.9330272307250194,,,,,
synthetic,MAR,random,0.5,5,1000x50,vbpca_vb_modern,20,0.5846701791157936,0.582276765391557,0.018238497109279262,0.5547497659100941,0.617984576638092,0.44036116992747576,0.43791678559260994,0.014397256976169948,0.41692492726394986,0.4685843754953916,115.49714120779973,121.82894638449943,18.138221264886685,90.36650604812485,134.27053285465007,0.06454872174412749,0.0639613197462429,0.004326445739586279,0.05852726344431332,0.074002360452466
synthetic,MCAR,block,0.1,5,1000x50,mean_pca,20,0.6895935076219415,0.6870095190077479,0.034265973531504415,0.6330169690608453,0.7476071526412377,0.5424687061315607,0.5392383798295953,0.025276446216596988,0.5015577657075966,0.5854157704931291,0.0027659986494654202,0.0027834324991999502,7.620051328671265e-05,0.002611848974220215,0.0028728131990191502,,,,,
synthetic,MCAR,block,0.1,5,1000x50,mice_pca,20,0.4839388049632568,0.4858475080879753,0.047688801959643326,0.4040407612198119,0.5609780295228612,0.3666732116964614,0.37164128734630913,0.038511801670685464,0.29444579751557926,0.417909349949488,0.22394316464997246,0.2628708859992912,0.07865768511882291,0.11203948530051087,0.30787570985025925,,,,,
synthetic,MCAR,block,0.1,5,1000x50,vbpca_vb_modern,20,0.5876090811378087,0.5832108915659449,0.04798244056559124,0.5089095090833925,0.6743811484748212,0.4484341981965135,0.4420312690466671,0.0388335814305822,0.38243351076582344,0.514230051088235,206.5652768061497,230.59821637999997,34.571655324202716,152.30869617909926,238.71855931617398,0.02998400605987787,0.030230626327097852,0.00236697503573695,0.025885944969880344,0.03395792408107563
synthetic,MCAR,block,0.3,5,1000x50,mean_pca,20,3.9982962560269257,3.843800708868125,0.5264103068889854,3.2486194057366413,5.061472952376545,3.131001965155579,3.0040983670860077,0.437228411088498,2.4953848113621477,4.0153669745875655,0.00261796335025787,0.0026098284997715,9.547569583924784e-05,0.0024140833250384276,0.0027348566004093025,,,,,
synthetic,MCAR,block,0.3,5,1000x50,mice_pca,20,3.9982962560269257,3.843800708868125,0.5264103068889854,3.2486194057366413,5.061472952376545,3.131001965155579,3.0040983670860077,0.437228411088498,2.4953848113621477,4.0153669745875655,0.016643199700229115,0.01692916899992265,0.0008393057992512895,0.014967989024717044,0.01752227180054425,,,,,
synthetic,MCAR,block,0.3,5,1000x50,vbpca_vb_modern,20,3.9982962560269257,3.843800708868125,0.5264103068889854,3.2486194057366413,5.061472952376545,3.131001965155579,3.0040983670860077,0.4372284110884979,2.4953848113621477,4.015366974587565,174.7199161161002,185.97515748900062,27.36419887154523,133.74505849182606,202.62759461485044,81.86730176197729,69.21723951704301,26.603945067541908,67.44321439921427,134.21542742633682
synthetic,MCAR,block,0.5,5,1000x50,mean_pca,20,3.910294409813601,3.921066136587073,0.4798831508178454,3.098371028686576,4.727693834850435,3.0765305009558266,2.993829460557806,0.436028092526053,2.420408519595656,3.815380131956416,0.0026266268500875797,0.0026004295004895,0.00015119864406343224,0.002398760800315315,0.0029318215250441295,,,,,
synthetic,MCAR,block,0.5,5,1000x50,mice_pca,20,3.910294409813601,3.921066136587073,0.4798831508178454,3.098371028686576,4.727693834850435,3.0765305009558266,2.993829460557806,0.436028092526053,2.420408519595656,3.815380131956416,0.01631142840024036,0.0167224730002999,0.00082235330209136,0.014965707625287825,0.017243629000813582,,,,,
synthetic,MCAR,block,0.5,5,1000x50,vbpca_vb_modern,20,3.910294409813601,3.921066136587073,0.4798831508178454,3.098371028686576,4.727693834850435,3.0765305009558266,2.993829460557806,0.436028092526053,2.420408519595656,3.815380131956416,173.53579987764988,183.83457623900085,27.84783718857902,134.12688865409964,200.70621252187476,68.71873366206019,68.43388543752462,1.1260833590477433,67.12283125859567,70.44945280818428
synthetic,MCAR,random,0.1,5,1000x50,mean_pca,20,0.5559783691186098,0.5588594077477748,0.01904209865509769,0.526692067540238,0.5933762506466517,0.42543566866720084,0.42754637189442185,0.015606142289780345,0.3982797875029384,0.453220159660975,0.0021305470999322547,0.0020758259997819,0.00024068106926361816,0.0018592599253678826,0.0025920426498487223,,,,,
synthetic,MCAR,random,0.1,5,1000x50,mice_pca,20,0.47908491697200095,0.4822772633597443,0.020141857035759474,0.4461439110045018,0.5139629485279549,0.35648507709549204,0.36151701185566215,0.017023207787102996,0.3246399926113058,0.38199476354730716,0.5336129730499124,0.5142496239996035,0.07030252514601412,0.3959008914998776,0.6507188697242781,,,,,
synthetic,MCAR,random,0.1,5,1000x50,vbpca_vb_modern,20,0.5296603410094072,0.5347847155157712,0.021776394355671164,0.4930969786930375,0.5690714388194955,0.3970477660672527,0.40240044245450846,0.01888879871185919,0.36157803706014097,0.4263610679403488,201.95897093669993,217.99771232500007,30.892948887504332,152.97372305742468,234.56468155367475,0.029300896620615795,0.02956050599581685,0.0022403008137268175,0.025539928530646218,0.03285058714120017
synthetic,MCAR,random,0.3,5,1000x50,mean_pca,20,0.6276909829292645,0.6272624435585907,0.015973355401738686,0.5986762442573004,0.6548409268773807,0.49005610063899574,0.4892448050001059,0.012542205793428686,0.4650056853409501,0.5101588057250613,0.0029820209000717603,0.0031101634995138504,0.0003730003500854896,0.0021431820757697524,0.0033696381993194723,,,,,
synthetic,MCAR,random,0.3,5,1000x50,mice_pca,20,0.48266471547132433,0.47984895023857066,0.018799214749316152,0.4543926772047271,0.5152677016227731,0.3601037624352103,0.3570712266940186,0.014073612516076492,0.33529821488569417,0.38308474552855776,1.0047277151499656,0.9981200284992156,0.2002779283434699,0.5983109953251187,1.3148645628504707,,,,,
synthetic,MCAR,random,0.3,5,1000x50,vbpca_vb_modern,20,0.5440691813292365,0.5419377474819371,0.020487132956650063,0.5141340726430871,0.5799472805507208,0.4096440722929843,0.40637631279024145,0.015853582352540165,0.3824392679375252,0.4367216143443326,157.5270915886499,166.15627930000028,25.085162102940483,120.70167185527454,184.9012115009001,0.039383237455648326,0.039328305221826246,0.002609267742526263,0.034710305001126186,0.04366459013671636
synthetic,MCAR,random,0.5,5,1000x50,mean_pca,20,0.7282755432868914,0.7323114528122163,0.014057395375681271,0.7018210587287096,0.750613582087597,0.5742797681215152,0.5774848886099326,0.010961159624104213,0.5537786281315578,0.5896279052357059,0.0035180194998246845,0.0034947449994433,0.00012953048475870002,0.003294988424795465,0.0037627354492997026,,,,,
synthetic,MCAR,random,0.5,5,1000x50,mice_pca,20,0.5006679261964674,0.5010120587022686,0.01670595498346383,0.4672593435162049,0.5268901491692136,0.374915534165541,0.37516345079726227,0.013568885045684776,0.3491557056284452,0.3979812535146679,0.6572835467000914,0.6615506230000392,0.0848084505060807,0.531411081075521,0.7992260216508839,,,,,
synthetic,MCAR,random,0.5,5,1000x50,vbpca_vb_modern,20,0.5711725034941512,0.57338034961923,0.018963900253632836,0.5340690642859592,0.6022436282741962,0.4321045179767994,0.4325259627095288,0.016159731940784197,0.4011155234687852,0.4582848632608342,118.13925549724982,121.77892189500017,19.44107943330532,91.4761257309991,138.39496201472403,0.05900844824407684,0.059024032238219504,0.003813870998226606,0.05106324594044997,0.06537822886754624
wine,MAR,block,0.1,5,1000x50,mean_pca,20,0.8698678151416912,0.8536327416217622,0.07679321838128574,0.7591564022291415,1.0173977754262045,0.6682358710771221,0.6628033763236745,0.045914849033296144,0.5983045178972294,0.7528584883014178,0.00146802149956779,0.00135507149934705,0.00027160962640897625,0.0012422759754371724,0.0020962401989890397,,,,,
wine,MAR,block,0.1,5,1000x50,mice_pca,20,0.8170062539295143,0.7783271494322397,0.11843425754618254,0.646195132049675,1.04553960424674,0.605385566875524,0.5809655772459512,0.08360768145231452,0.4769609902858787,0.7687377313993785,0.01967332724980219,0.01806201050021625,0.007978550455037455,0.010999614175125263,0.037240992726310596,,,,,
wine,MAR,block,0.1,5,1000x50,vbpca_vb_modern,20,0.8124071403197849,0.7898761312776256,0.10394778795573233,0.6663811167575467,1.0025956125087692,0.602352685880686,0.5883257941584794,0.07149698779528724,0.49638900839919553,0.739005296054515,10.712185809349284,11.996165729000495,1.7356015597736738,8.251692128800006,12.24910870192316,0.12445990722277837,0.1244168653442409,0.003437515390913938,0.11740372839117856,0.1301052511340904
wine,MAR,block,0.3,5,1000x50,mean_pca,20,54.57362666433296,2.1718489463199973,108.93265300604611,0.555112732340993,308.19164410393,25.354454801789075,1.2722504698681734,51.25026272770625,0.4232302259887006,150.28323587570614,0.0016811251502076199,0.0013582210012827501,0.0007280848486092043,0.001240848524867015,0.0034993493002729676,,,,,
wine,MAR,block,0.3,5,1000x50,mice_pca,20,54.57362666433296,2.1718489463199973,108.93265300604611,0.555112732340993,308.19164410393,25.354454801789075,1.2722504698681734,51.25026272770625,0.4232302259887006,150.28323587570614,0.004622114199264575,0.0046365344987862,0.00017424971491916553,0.004261990475060835,0.004875696048475135,,,,,
wine,MAR,block,0.3,5,1000x50,vbpca_vb_modern,20,54.57362666433296,2.1718489463199973,108.93265300604611,0.555112732340993,308.19164410393,25.354454801789075,1.2722504698681734,51.25026272770625,0.4232302259887005,150.28323587570614,9.235009395050293,9.860661476501264,1.5259183768947044,7.260548218601525,10.85730024144941,31.693191033165,31.800432727935593,1.2419488845637812,29.02487498852089,33.462868398277855
wine,MAR,block,0.5,5,1000x50,mean_pca,20,82.99158511499863,5.591016464902036,127.77650522096309,0.7344070958126321,332.21597077340914,39.27111676054614,2.812090395480226,61.41734509325116,0.4966915254237288,171.32671685499056,0.0014051198497326699,0.0013307664994499,0.00022493163920890154,0.00121870954908439,0.0019356074757524548,,,,,
wine,MAR,block,0.5,5,1000x50,mice_pca,20,82.99158511499863,5.591016464902036,127.77650522096309,0.7344070958126321,332.21597077340914,39.27111676054614,2.812090395480226,61.41734509325116,0.4966915254237288,171.32671685499056,0.004670226300186146,0.004640949500753749,0.00021132686121339255,0.004352439650210676,0.005178973150850579,,,,,
wine,MAR,block,0.5,5,1000x50,vbpca_vb_modern,20,82.98848114395251,5.591016464902036,127.778584583452,0.7344070958126321,332.21597077340914,39.273933379261116,2.812090395480226,61.415505456232864,0.4966915254237288,171.32671685499056,8.360031047200028,7.548230362999675,1.5035126410106725,6.946413427574498,10.559201815849883,48.500205730320936,31.499343256587693,75.58459413303561,29.607090771895802,210.05333052899132
wine,MAR,random,0.1,5,1000x50,mean_pca,20,0.7893447197145169,0.7838000780164319,0.05013481352201562,0.7129491720424554,0.8847433988204181,0.6075777001917688,0.6033730575282678,0.03072278955334458,0.5657494037788948,0.6743207796742734,0.0016733546997783754,0.0013330114998097498,0.0008582616943927441,0.0012220102239552375,0.003836104599395102,,,,,
wine,MAR,random,0.1,5,1000x50,mice_pca,20,0.7520481048848395,0.7512208950531483,0.04608450781305154,0.6851444688231383,0.8361454378347262,0.5644311600310226,0.5554379680725868,0.028049968232571654,0.5250646291758575,0.6141777111928356,0.09370283800017203,0.0843563239996001,0.05452219728551569,0.06215884077537335,0.22007718077547875,,,,,
wine,MAR,random,0.1,5,1000x50,vbpca_vb_modern,20,0.7484765549210596,0.7473389553561358,0.04805797697917002,0.6741109285308982,0.8359689082066288,0.5605988808159208,0.5547451237833586,0.026957900689397508,0.5243162790764759,0.6092713479868535,10.555819575600072,12.026515393998125,1.7999534526820287,8.26199783885022,12.2498215670249,0.12477532596969196,0.1250901157465077,0.0014568475933066764,0.12213445700899242,0.12702355677682112
wine,MAR,random,0.3,5,1000x50,mean_pca,20,0.8594590080899149,0.8558460195104053,0.03700083849169551,0.7993118381824276,0.9346443711961576,0.6723852107741356,0.6668015617993815,0.024644913820249248,0.6383466015913797,0.7239385244962062,0.0015895886001089199,0.00137914200058725,0.0008412990069047091,0.0012412765508087475,0.0036321654992206584,,,,,
wine,MAR,random,0.3,5,1000x50,mice_pca,20,0.8922307710856845,0.8912899580615428,0.03410165860952708,0.8208607384173424,0.9391637692521888,0.6706194163766629,0.6712635494698034,0.025115507210003513,0.6244134393446249,0.7055333343919166,0.5986872327503079,0.6149554505009291,0.10144251960701792,0.381743923974409,0.7044772719518733,,,,,
wine,MAR,random,0.3,5,1000x50,vbpca_vb_modern,20,0.7969191887666309,0.7921263311444249,0.04109760709722596,0.7329244918959552,0.8706449572558141,0.6014232295249547,0.6004452666750584,0.02326164612144625,0.5676460615351059,0.6369811488574133,9.094769999949676,9.950293457499356,1.4079023758913685,6.74317056932523,10.118622781049636,0.16875265034687095,0.1691030889410555,0.0052467486802104816,0.15830315595307132,0.17752065104096157
wine,MAR,random,0.5,5,1000x50,mean_pca,20,0.9693318217414925,0.9744967251793499,0.02879273082490522,0.910104717761774,1.0039824846195875,0.7651727276525755,0.7689965385519257,0.020567714146619884,0.7267587678379747,0.7942086313546284,0.0014397027998711153,0.0013745494998147001,0.0002430610327960412,0.0012490499500017475,0.002080716997807002,,,,,
wine,MAR,random,0.5,5,1000x50,mice_pca,20,0.9183993743365644,0.9232231270432735,0.025772939450715484,0.8751029496909096,0.9609730219203243,0.7043026899270106,0.7067421605848052,0.016443547872608048,0.6759111890052862,0.7294246111717567,0.09788275894989051,0.07848884000122774,0.06274558161216134,0.05546116127352428,0.24778304340143192,,,,,
wine,MAR,random,0.5,5,1000x50,vbpca_vb_modern,20,0.8816497315641112,0.882952625191495,0.028380774156009658,0.8263506428004597,0.9337415251615135,0.673110991387061,0.6743432161176524,0.01907532935860898,0.6412703004728146,0.7116724062282286,6.5014235724007445,5.959159621999788,1.146799272939209,5.217226234775444,7.776164810274986,0.2543885807647384,0.25289694339915914,0.009487327426820801,0.23948277885665853,0.2708659185374293
wine,MCAR,block,0.1,5,1000x50,mean_pca,20,0.8180720211013476,0.7899330175866419,0.09561583620792698,0.6899785256348957,1.0194197350567236,0.6318032448316107,0.6248599868863504,0.059967231259659436,0.5399052531587816,0.7407886205684477,0.0014888121506373348,0.0013507930016203001,0.00027672896773431446,0.0012568459997054976,0.0020122851499763126,,,,,
wine,MCAR,block,0.1,5,1000x50,mice_pca,20,0.7749571074275938,0.7541715928120943,0.10030983614104187,0.6523352441131637,0.9359531725934647,0.5865002785578217,0.57558465651194,0.06634775782237626,0.5024535627177161,0.6869251604465666,0.02281958180010401,0.01946946550015125,0.009902575259304052,0.012378123548660342,0.041263716176763374,,,,,
wine,MCAR,block,0.1,5,1000x50,vbpca_vb_modern,20,0.7663154340105882,0.745491476096119,0.10104167049909969,0.6479795974507507,0.9763834872839501,0.580829372748548,0.5715206929173207,0.0613507184611959,0.4901757124605315,0.6885234234292604,11.239359673399303,12.105756781998934,1.558750208623163,8.389988728249046,12.276638442524563,0.12440988407096287,0.12435110313096229,0.0033455003771784573,0.11969699949176921,0.1297556118156527
wine,MCAR,block,0.3,5,1000x50,mean_pca,20,60.04974106445046,3.490221530236655,100.8410447131003,0.5306793567863908,258.9799707096349,29.040362334745765,2.2398870047080974,48.52543496245481,0.3715990583804143,126.91863276737287,0.00138351030036569,0.0013380310028878,0.00016753081878698585,0.0012433979511115275,0.0018485787243661524,,,,,
wine,MCAR,block,0.3,5,1000x50,mice_pca,20,60.04974106445046,3.490221530236655,100.8410447131003,0.5306793567863908,258.9799707096349,29.040362334745765,2.2398870047080974,48.52543496245481,0.3715990583804143,126.91863276737287,0.004567491250236285,0.0046327575000759,0.00021173755507367461,0.004209067649298889,0.004903036223549805,,,,,
wine,MCAR,block,0.3,5,1000x50,vbpca_vb_modern,20,60.04974106445046,3.4902215302366617,100.8410447131003,0.5306793567863908,258.9799707096349,29.040362334745765,2.2398870047081094,48.52543496245481,0.3715990583804143,126.91863276737287,9.020512243600024,8.245568169000762,1.5624729727374027,7.254624887823593,10.749023758950443,32.01417863362966,31.827742737265208,1.0274136115156898,30.477611162550332,33.74700987701778
wine,MCAR,block,0.5,5,1000x50,mean_pca,20,91.5535847771528,2.6158744720221137,172.13760662332177,0.6808222569065585,526.2348346908215,45.99564199557439,1.7919868154425613,91.0795769832861,0.4726717514124294,288.64300706125226,0.0014966258004278199,0.0013471059992298,0.0002996076574462202,0.001246332027585555,0.0020698807265943876,,,,,
wine,MCAR,block,0.5,5,1000x50,mice_pca,20,91.5535847771528,2.6158744720221137,172.13760662332177,0.6808222569065585,526.2348346908215,45.99564199557439,1.7919868154425613,91.0795769832861,0.4726717514124294,288.64300706125226,0.004555280650129086,0.0046019404981052,0.00016504332239066153,0.004225252074957043,0.0047560873253132225,,,,,
wine,MCAR,block,0.5,5,1000x50,vbpca_vb_modern,20,91.5535847771528,2.6158744720221137,172.13760662332177,0.6808222569065585,526.2348346908215,45.99564199557439,1.7919868154425613,91.0795769832861,0.4726717514124294,288.64300706125226,9.289605501099686,10.552535589498802,1.583916241406303,7.253431389850357,10.812665986975572,31.484239500340635,31.251923149821152,0.9371032878334958,30.23836011029009,33.58694315004865
wine,MCAR,random,0.1,5,1000x50,mean_pca,20,0.7744649094591463,0.7610652529092147,0.04577277425126652,0.7055541270047868,0.8637080523620111,0.6002896312009295,0.5981550354173251,0.031577700364160834,0.5567419620520462,0.6623816387728665,0.001459632549449405,0.0013479179997375,0.00028397475015400477,0.0012324702499426575,0.002065447822769735,,,,,
wine,MCAR,random,0.1,5,1000x50,mice_pca,20,0.7470717541101094,0.7385037184085081,0.03718377314953282,0.6944788173950109,0.8235095838387916,0.5688407124688304,0.5698886036368851,0.026770933322457134,0.5206067342280634,0.621219011732606,0.07510224725028818,0.07202175550082755,0.012042135016317125,0.058886616599374914,0.09844681785107241,,,,,
wine,MCAR,random,0.1,5,1000x50,vbpca_vb_modern,20,0.7404647003376448,0.7351175810833535,0.04504787145690924,0.6809484178703088,0.8307911340181849,0.5628825694012948,0.556804660265398,0.029962610329617726,0.5226366071728538,0.6260801681164969,10.685115725449759,12.010241959000268,1.7830645001965542,8.242950268825552,12.26429856510067,0.1246502784680223,0.12441147164344105,0.001400298537363293,0.12257198764211429,0.12710483299260625
wine,MCAR,random,0.3,5,1000x50,mean_pca,20,0.83265854656363,0.8358288950083125,0.032177501886685715,0.7792032793492616,0.8957346620101753,0.6505152314684176,0.648008365021961,0.021536757820614674,0.6123954289332271,0.6937669067146214,0.0016284604995234551,0.0013582569990830502,0.0007478653868781611,0.001275551724756925,0.0033950938503039263,,,,,
wine,MCAR,random,0.3,5,1000x50,mice_pca,20,0.8481581119909849,0.8523122700531556,0.03952231650526879,0.7829294029591307,0.9055659955097924,0.6375035709187821,0.6425331140569822,0.022114184711674135,0.5998530746583346,0.6717953986078493,0.27425917805012434,0.1694454179996682,0.16830359702099443,0.09214227297552498,0.5664225821245964,,,,,
wine,MCAR,random,0.3,5,1000x50,vbpca_vb_modern,20,0.7768275788532242,0.7720398259143137,0.03109112738886356,0.7331390576164736,0.8355156471577515,0.5888982564755868,0.5898578550197823,0.01798243831178076,0.5643721533544519,0.623772739191331,8.61159407344985,9.81397282999933,1.4955456295589813,6.73047434652517,10.025856742973518,0.1642380251698074,0.16402839558946875,0.0047456767461649795,0.15416594635413816,0.1720166570886154
wine,MCAR,random,0.5,5,1000x50,mean_pca,20,0.904206843874443,0.9055107597030343,0.03646369561838946,0.852457122917605,0.9670749748669285,0.718702007531158,0.7225490300401727,0.024220902339088492,0.6871920790053183,0.7628949884991852,0.001484025949866865,0.0013909549979871,0.0002519875423015548,0.001270374550222105,0.0020829843996579924,,,,,
wine,MCAR,random,0.5,5,1000x50,mice_pca,20,0.8697998386967821,0.8629220791620096,0.031169267330007893,0.8255808260668799,0.9290895098730876,0.6681354831505242,0.6644907247244174,0.021163388732774048,0.6399014974608555,0.7129009625624241,0.06475736520005734,0.058672439499787205,0.018351229882065077,0.05121270412564623,0.10965372532509707,,,,,
wine,MCAR,random,0.5,5,1000x50,vbpca_vb_modern,20,0.831857443493675,0.8318287370344144,0.03423616182617856,0.7759743341586464,0.8810956024568474,0.6358531594362657,0.6358263290012443,0.02361902962039455,0.603657996105436,0.6767856902568062,6.536154303950025,5.97952400450049,1.132432724878806,5.253412767923601,7.769292506323564,0.2348201857392218,0.23590476470251504,0.00914122898212278,0.21778904531186097,0.2473826008216137
